VideoID,Title,PublishedAt,ChannelName,Views,Likes,Comments,Duration_seconds
2GWf-doE-Gg,الدحيح | تشارلي شابلن,2021-12-07 18:00:01+00:00,New Media Academy Life ,3425728.0,146452.0,5074.0,1716.0
uuy4Qs873mE,الدحيح | الإيدز,2021-12-04 18:00:30+00:00,New Media Academy Life ,5422294.0,191145.0,4788.0,1460.0
o0D338ZgGzA,الدحيح | بنحب نحارب,2021-11-30 18:00:14+00:00,New Media Academy Life ,3074267.0,110097.0,1794.0,1011.0
B6JdDNN0soU,الدحيح | الإنسان يمكنه الفوز على الفهد,2021-11-27 18:00:03+00:00,New Media Academy Life ,3044716.0,199714.0,2566.0,1247.0
dbPotaUWC08,الدحيح | الفيروسات,2021-11-23 18:00:23+00:00,New Media Academy Life ,2497833.0,104180.0,2247.0,1385.0
V_SwWCz5-8E,الدحيح | وجع البنات,2021-11-20 18:00:14+00:00,New Media Academy Life ,3947076.0,179321.0,4113.0,897.0
ul2BmQM1XA4,الدحيح | تاريخ الفلك,2021-11-16 18:00:16+00:00,New Media Academy Life ,4432326.0,132523.0,3768.0,1419.0
YrDrtS4bnhI,الدحيح | نهاية الحرب الباردة,2021-11-09 18:00:11+00:00,New Media Academy Life ,3024258.0,120993.0,2303.0,1093.0
xXvU3Dr554Y,الدحيح | الحرب الباردة,2021-11-06 18:00:27+00:00,New Media Academy Life ,7039199.0,226557.0,3749.0,1645.0
0gxgHRda7Do,الدحيح | فخر العرب,2021-11-02 18:04:24+00:00,New Media Academy Life ,4113614.0,185861.0,3987.0,1297.0
XMrTrxP6ZnQ,الدحيح | الكوانتم كمبيوتر,2021-10-30 18:00:08+00:00,New Media Academy Life ,4171759.0,125662.0,3854.0,1599.0
gJJDkVFQf8s,الدحيح | دولة المخدرات,2021-10-26 18:00:30+00:00,New Media Academy Life ,8083143.0,206655.0,3858.0,1439.0
ch7nwiRd7UA,الدحيح | ماكدونالدز,2021-10-23 18:00:09+00:00,New Media Academy Life ,6285925.0,216748.0,3726.0,1654.0
Za9EEd2bWlY,الدحيح | هندسة السيارات,2021-10-19 18:00:09+00:00,New Media Academy Life ,3191148.0,116919.0,2159.0,1228.0
lR8SHxBFmC0,الدحيح | خناقات المتجوزين,2021-10-16 18:00:30+00:00,New Media Academy Life ,4799823.0,173482.0,5071.0,1356.0
FXBdC9glLn8,الدحيح | محكمة الفيسبوك,2021-10-12 18:00:04+00:00,New Media Academy Life ,2613962.0,114962.0,2476.0,1232.0
gPJhjnnBNAs,الدحيح | أعظم تجربة في الفيزياء,2021-10-09 18:00:11+00:00,New Media Academy Life ,6791722.0,240910.0,6566.0,1417.0
MYANNltgLbk,الدحيح | الترجمة,2021-10-05 18:00:06+00:00,New Media Academy Life ,3298430.0,130924.0,4116.0,1313.0
Y27q4vAvfy4,الدحيح | هندسة العمارة الطبية,2021-10-02 18:00:13+00:00,New Media Academy Life ,1614782.0,79373.0,2254.0,972.0
bVnoFtZH5iI,الدحيح | سفاح الصعيد,2021-09-28 18:00:12+00:00,New Media Academy Life ,5484143.0,189144.0,5304.0,1182.0
QhmzdMoi96A,الدحيح | الشرابات,2021-09-25 18:00:08+00:00,New Media Academy Life ,2866608.0,116820.0,3816.0,1110.0
gAgan7hxEOA,الدحيح | الصداع النصفي,2021-09-21 18:00:11+00:00,New Media Academy Life ,3509587.0,156953.0,6573.0,1123.0
kKWy6cO-Je0,الدحيح | العلاج بالحرب,2021-09-18 18:38:26+00:00,New Media Academy Life ,1962218.0,93135.0,2559.0,888.0
gekPW9EUfvg,الدحيح | آخر حلقة عن ميسي,2021-09-14 18:00:10+00:00,New Media Academy Life ,4901879.0,255404.0,5798.0,1333.0
suhaKEbaf1w,الدحيح | تاريخ الكمبيوتر,2021-09-11 18:00:15+00:00,New Media Academy Life ,5380984.0,148335.0,4085.0,2307.0
DrJ6zNZaSLo,الدحيح | الكتاب,2021-09-07 18:00:09+00:00,New Media Academy Life ,2672048.0,127385.0,3965.0,1165.0
_XRzUhWF8ew,الدحيح | جهاز كشف الكذب,2021-09-04 18:00:11+00:00,New Media Academy Life ,3240149.0,138403.0,3599.0,1028.0
mEdQhWgVxe0,الدحيح | أبل,2021-08-31 18:00:12+00:00,New Media Academy Life ,2610955.0,154793.0,3509.0,905.0
UmIq5LtBMQs,الدحيح | قصة الأرض,2021-08-28 18:00:06+00:00,New Media Academy Life ,6017465.0,191806.0,5576.0,1271.0
cR2oCAMFnns,الدحيح | الشرير الذي أنقذ العالم,2021-08-24 18:00:16+00:00,New Media Academy Life ,4419176.0,153524.0,2998.0,1034.0
PR7R3s8ZrWw,الدحيح | أبوالهول,2021-08-21 18:00:06+00:00,New Media Academy Life ,5300814.0,191236.0,5363.0,1145.0
3IZ36779aQc,الدحيح | جدار برلين,2021-08-17 18:00:03+00:00,New Media Academy Life ,4754114.0,174657.0,4166.0,1695.0
2Fe7zm68kD4,الدحيح | الفئران,2021-08-14 18:00:01+00:00,New Media Academy Life ,3990938.0,149879.0,3960.0,1454.0
qJXZRjFZnbE,الدحيح | لماذا لا أحب النجاح,2021-08-10 18:00:34+00:00,New Media Academy Life ,3307569.0,171845.0,6408.0,1208.0
ZAvO6QJX8gI,الدحيح | جري الوحوش,2021-08-07 18:00:08+00:00,New Media Academy Life ,2245348.0,91569.0,2294.0,1309.0
H1hGOo0d1Vo,الدحيح | القلب,2021-08-03 18:00:10+00:00,New Media Academy Life ,4909543.0,240321.0,5547.0,1130.0
OTnL5TpM_Bs,الدحيح | الأزاريطة,2021-07-31 18:00:06+00:00,New Media Academy Life ,2660995.0,108183.0,2789.0,1041.0
u2a6UKacaU4,الدحيح | محمد فوزي,2021-07-27 18:00:28+00:00,New Media Academy Life ,2743501.0,125331.0,6206.0,1361.0
zykcNlnztT4,الدحيح | ليه المصريين جامدين في الاسكواش؟,2021-07-24 18:00:14+00:00,New Media Academy Life ,2208852.0,97847.0,3691.0,1617.0
a8BN5ho9oik,الدحيح | الترانزستور,2021-07-20 18:00:00+00:00,New Media Academy Life ,6131116.0,235941.0,12856.0,2035.0
-1wq0KL5lvM,الدحيح | أخطار الميك أب,2021-07-17 18:00:01+00:00,New Media Academy Life ,4512436.0,204595.0,5573.0,1231.0
7r0U5BbBHPs,الدحيح | لانش بوكس,2021-07-13 18:00:02+00:00,New Media Academy Life ,3333611.0,147986.0,3903.0,1248.0
YN16vJRqCGQ,الدحيح | عمليات التجميل,2021-07-10 18:00:06+00:00,New Media Academy Life ,2677027.0,155367.0,5714.0,1016.0
wKi0ETe_zY8,الدحيح | رحمة الموت,2021-07-06 18:00:11+00:00,New Media Academy Life ,2779315.0,163117.0,6213.0,869.0
PIn-givpaE0,الدحيح | الدورة الشهرية,2021-07-03 18:00:05+00:00,New Media Academy Life ,8243302.0,407731.0,15381.0,948.0
cOch7WzE86o,الدحيح | سمكة القرش,2021-06-29 18:00:09+00:00,New Media Academy Life ,4817650.0,222024.0,6308.0,1233.0
NW5DLCWdsbs,الدحيح | الشيخوخة,2021-06-26 18:00:05+00:00,New Media Academy Life ,2714603.0,165356.0,6398.0,876.0
QPaI8xVWBjY,الدحيح | هل الارض مسطحة؟,2021-06-22 18:00:05+00:00,New Media Academy Life ,8324599.0,307747.0,22123.0,1369.0
NNEhETUAPQQ,الدحيح | خمر الصالحين,2021-06-19 18:00:04+00:00,New Media Academy Life ,6083501.0,262100.0,11459.0,1554.0
x_fW3gRHp2M,الدحيح | أين ذهبت النساء؟,2021-06-15 18:39:11+00:00,New Media Academy Life ,6378625.0,393078.0,20456.0,1175.0
tLUqvthSY6s,الدحيح | الملل,2021-06-12 18:00:10+00:00,New Media Academy Life ,7820431.0,590449.0,48101.0,905.0
efigiluZEHA,الحساسية | الدحيح,2023-07-25 17:00:07+00:00,New Media Academy Life ,4933303.0,137558.0,2439.0,1396.0
BAx0LI6NnNg,الهاكر | الدحيح,2023-07-22 17:00:06+00:00,New Media Academy Life ,6668711.0,176655.0,2284.0,1557.0
51MSQkHRwDg,فوبيا | الدحيح,2023-07-18 17:00:10+00:00,New Media Academy Life ,2802362.0,85138.0,1676.0,1557.0
vUaLZYAiolw,رجل ساذج في الرايخ الثالث | الدحيح,2023-07-15 17:00:07+00:00,New Media Academy Life ,4994684.0,153577.0,1976.0,2001.0
G28SocqOwOE,الأندرتيكر | الدحيح,2023-07-11 17:00:07+00:00,New Media Academy Life ,5650997.0,160081.0,4581.0,2431.0
u4UTjxo54_A,التأمين | الدحيح,2023-07-08 17:00:09+00:00,New Media Academy Life ,1966306.0,56035.0,871.0,1364.0
tXZB5AJmrvM,جيل زد | الدحيح,2023-07-04 17:00:10+00:00,New Media Academy Life ,4678694.0,180976.0,4476.0,1211.0
NlHwOzwbYpE,تاريخ الجنون | الدحيح,2023-07-01 17:00:09+00:00,New Media Academy Life ,2620682.0,66094.0,1448.0,1922.0
YPOiNF0riyA,آخر يوم في العالم | الدحيح,2023-06-27 17:00:10+00:00,New Media Academy Life ,8587018.0,190491.0,3617.0,1848.0
FHrpR_GrKp0,الصين | الدحيح,2023-06-24 17:00:09+00:00,New Media Academy Life ,7954415.0,140637.0,2834.0,2390.0
wgD_XDbapjs,البطارية | الدحيح,2023-06-20 17:00:09+00:00,New Media Academy Life ,3099933.0,88673.0,4206.0,1750.0
jMEEA8Kbf24,الليجو | الدحيح,2023-06-17 17:00:09+00:00,New Media Academy Life ,1750810.0,59366.0,1168.0,1359.0
WlO-riE-Nm8,الفيل الأزرق | الدحيح,2023-06-13 17:00:10+00:00,New Media Academy Life ,4632317.0,100594.0,1860.0,1830.0
19cSn7JRmO8,تاريخ جهنم | الدحيح,2023-06-10 17:00:10+00:00,New Media Academy Life ,5403575.0,134801.0,17665.0,2065.0
Q4L00UAt5JY,نهاية الديناصورات | الدحيح,2023-06-06 17:00:08+00:00,New Media Academy Life ,6084157.0,178534.0,4459.0,1358.0
MSTHbT8ZuCs,الأب | الدحيح,2023-06-03 17:00:09+00:00,New Media Academy Life ,3572675.0,107551.0,2665.0,1713.0
6nCL4bHjZvg,فان جوخ | الدحيح,2023-05-30 17:00:10+00:00,New Media Academy Life ,3530933.0,138847.0,3420.0,1780.0
9_Or_MzGxVw,التطعيم | الدحيح,2023-05-27 17:00:12+00:00,New Media Academy Life ,2106890.0,62641.0,1596.0,1767.0
KNH8K3O3TCo,خطر الكلب | الدحيح,2023-05-23 17:00:08+00:00,New Media Academy Life ,3107386.0,98231.0,2669.0,1041.0
yw4Wb9baNKE,الغازات | الدحيح,2023-05-20 17:00:11+00:00,New Media Academy Life ,3061885.0,107492.0,3706.0,1307.0
kHYe-nAQT_M,ليه بنتخن في رمضان؟ | الدحيح,2023-05-16 17:00:11+00:00,New Media Academy Life ,3972725.0,114745.0,2487.0,1444.0
7vfsv6Vm7AA,توم وجيري | الدحيح,2023-05-13 17:00:07+00:00,New Media Academy Life ,4630830.0,146681.0,3518.0,1138.0
YiKVJkKFpsQ,الزلزال | الدحيح,2023-05-09 17:00:08+00:00,New Media Academy Life ,3613701.0,100621.0,2237.0,1634.0
4lEDoOcgjPQ,لماذا يرتكب الأذكياء حماقات؟ | الدحيح,2023-05-06 17:00:09+00:00,New Media Academy Life ,5797932.0,157139.0,3346.0,1598.0
BHoFn3rHPx8,التوابل | الدحيح,2023-05-02 18:00:09+00:00,New Media Academy Life ,2620880.0,78244.0,1391.0,1273.0
fWrOwlvPWVQ,الكيتو | الدحيح,2023-04-29 18:00:07+00:00,New Media Academy Life ,3619152.0,137337.0,4042.0,1484.0
01t8wL-jSUc,أميتاب باتشان | الدحيح,2023-04-25 18:00:09+00:00,New Media Academy Life ,2002248.0,67108.0,1743.0,1385.0
CFTccBzBGQw,المقالب | الدحيح,2023-04-22 18:00:09+00:00,New Media Academy Life ,3447330.0,93359.0,1782.0,1524.0
O8K3XEb62NQ,مانشستر يونايتد | الدحيح,2023-04-18 18:00:11+00:00,New Media Academy Life ,7029914.0,187911.0,4442.0,2869.0
tOhUP9LibJc,الإندماج النووي | الدحيح,2023-04-15 18:00:07+00:00,New Media Academy Life ,3458505.0,96586.0,2083.0,1684.0
2AgpnT-bN-M,علاقات عن بعد | الدحيح,2023-04-11 18:00:00+00:00,New Media Academy Life ,4286194.0,180911.0,4312.0,1303.0
wa1QODdYVog,أخطر رجل مافيا | الدحيح,2023-04-08 18:00:07+00:00,New Media Academy Life ,7000255.0,147636.0,1925.0,1912.0
26sk88apodA,أحمد عدوية | الدحيح,2023-04-04 18:00:11+00:00,New Media Academy Life ,2162448.0,62455.0,2239.0,1604.0
F9DhFq58Kug,متى يصبح الحي ميت؟ | الدحيح,2023-04-01 18:00:09+00:00,New Media Academy Life ,4209127.0,124887.0,3164.0,1704.0
Xkb7Xdos1dM,شاورما الفراخ | الدحيح,2023-03-28 18:00:07+00:00,New Media Academy Life ,3187577.0,94861.0,2315.0,1345.0
arhrkprz0WQ,كيف تتخلص من الجثة | الدحيح,2023-03-25 18:00:09+00:00,New Media Academy Life ,3342556.0,104893.0,2520.0,1376.0
YnTEXW7RaYY,إنترفيو | الدحيح,2023-03-21 18:00:06+00:00,New Media Academy Life ,2503399.0,99613.0,1641.0,1083.0
subByvOYARA,فن التشاؤم | الدحيح,2023-03-18 18:00:11+00:00,New Media Academy Life ,3864824.0,113133.0,2418.0,1794.0
jkhwp2bFaR8,الخنزير | الدحيح,2023-03-14 18:00:10+00:00,New Media Academy Life ,4379450.0,146000.0,6105.0,1071.0
9h3Ejj3vqHs,فورمولا ١ | الدحيح,2023-03-11 18:00:11+00:00,New Media Academy Life ,2747215.0,102645.0,1707.0,1387.0
j02OZRjf2d8,Chat GPT | الدحيح,2023-03-07 18:00:08+00:00,New Media Academy Life ,6262750.0,203514.0,4090.0,1216.0
CByhaGnB9Co,الموناليزا وحشة | الدحيح,2023-03-04 18:00:07+00:00,New Media Academy Life ,3061029.0,103142.0,2526.0,1438.0
9RYlcU2sXTc,يوم قيامة النجم | الدحيح,2023-02-28 18:00:08+00:00,New Media Academy Life ,3513686.0,104326.0,3658.0,1568.0
XKnkiSJGjTk,البحث عن السعادة | الدحيح,2023-02-25 18:00:10+00:00,New Media Academy Life ,4206522.0,150695.0,3788.0,1585.0
zfBve7gvF2Y,المغول | الدحيح,2023-02-21 18:00:09+00:00,New Media Academy Life ,10833963.0,265305.0,6041.0,2000.0
W9ufeRcNJ-M,كيف تخدع الناس؟ | الدحيح,2023-02-18 18:00:09+00:00,New Media Academy Life ,4469680.0,153227.0,2577.0,1100.0
L-AkMLZCiNs,هانيبال | الدحيح,2023-02-14 18:00:09+00:00,New Media Academy Life ,6769050.0,182342.0,7019.0,1951.0
UiOo-3iSon8,الكابوس | الدحيح,2023-02-11 18:00:09+00:00,New Media Academy Life ,3218829.0,117826.0,2042.0,1178.0
QpIHg8dhBEE,Oppenheimer | الدحيح,2023-02-07 18:00:11+00:00,New Media Academy Life ,7313813.0,224806.0,3264.0,1523.0
2Ny5xYj2BEk,لا تأكل بالشوكة | الدحيح,2023-02-04 18:06:48+00:00,New Media Academy Life ,2940880.0,110342.0,2304.0,1289.0
HCSa0iwe4FM,فيلم رعب | الدحيح,2023-01-31 18:00:10+00:00,New Media Academy Life ,2936234.0,107107.0,1877.0,1620.0
-krXlF9grZQ,أحلى برجر في العالم | الدحيح,2023-01-28 18:00:10+00:00,New Media Academy Life ,2878422.0,107678.0,2344.0,1400.0
vHdFpIYvl88,الفيل | الدحيح,2023-01-24 18:00:07+00:00,New Media Academy Life ,4362482.0,131941.0,3059.0,1251.0
nIUTsuHD4-4,الحشاشين | الدحيح,2023-01-21 18:00:09+00:00,New Media Academy Life ,8957400.0,245015.0,5383.0,1557.0
D-gdILNwf7I,أخطر من النووي | الدحيح,2023-01-17 18:00:06+00:00,New Media Academy Life ,6485547.0,212635.0,2998.0,1312.0
DXEQoFp52U4,تاريخ الرقص الشرقي | الدحيح,2023-01-14 18:00:08+00:00,New Media Academy Life ,2787998.0,104806.0,3036.0,1269.0
RiMga7zpVfI,الرئيس الأمريكي | الدحيح,2024-04-20 17:00:07+00:00,New Media Academy Life ,3689513.0,100374.0,2537.0,1747.0
Li9bNk1enQw,ماركو بولو | الدحيح,2024-04-16 17:00:06+00:00,New Media Academy Life ,3565528.0,88433.0,2545.0,1817.0
Fi5grDvWgew,غزو الهند | الدحيح,2024-04-13 17:00:06+00:00,New Media Academy Life ,5636877.0,114305.0,3966.0,1985.0
I8ig8by6NOI,غدر الصحاب | الدحيح,2024-04-09 17:00:07+00:00,New Media Academy Life ,4328163.0,142119.0,3251.0,1560.0
BD7IRNnQSDg,الربع الخالي | الدحيح,2024-04-06 17:00:06+00:00,New Media Academy Life ,6848703.0,171148.0,6265.0,1727.0
sIl0OLZVhv4,غاز سام نتنفسه يوميًا | الدحيح,2024-04-02 17:00:06+00:00,New Media Academy Life ,2344190.0,69478.0,2023.0,1588.0
rhho9QbxfGM,ساعة الأثرياء | الدحيح,2024-03-30 17:00:07+00:00,New Media Academy Life ,4288655.0,119938.0,1732.0,1585.0
RcBR7YDFkaA,تاريخ التشريح | الدحيح,2024-03-26 17:00:06+00:00,New Media Academy Life ,2683367.0,87644.0,1673.0,1667.0
HtgT8Zmf35c,النسيان | الدحيح,2024-03-23 17:00:07+00:00,New Media Academy Life ,7095661.0,231728.0,4211.0,1319.0
xsah0W5f2DY,بيتهوفن | الدحيح,2024-03-19 17:00:07+00:00,New Media Academy Life ,2982773.0,104830.0,2450.0,1913.0
mn-br82ENxc,كيف يمكن أن تقنع الناس بفوائد التدخين والحرب؟ | الدحيح,2024-03-16 17:00:07+00:00,New Media Academy Life ,3485519.0,104770.0,2561.0,1673.0
y2exxaq0_YI,ألف ليلة وليلة | الدحيح,2024-03-12 17:00:07+00:00,New Media Academy Life ,3865764.0,136428.0,2250.0,1453.0
92rP7KbuovQ,أول حوت في العالم | الدحيح,2024-03-09 17:00:07+00:00,New Media Academy Life ,4272207.0,122301.0,7476.0,1590.0
Epa9CFnSqso,تشيرنوبل الأمريكية | الدحيح,2024-03-05 17:00:06+00:00,New Media Academy Life ,4070468.0,131826.0,2226.0,1630.0
-2is0rI_tow,كيف تتعلم اللغة الصينية في ٤٠ سنة؟ | الدحيح,2024-03-02 17:00:07+00:00,New Media Academy Life ,4536410.0,127193.0,4325.0,1770.0
AveQVd2ubZI,كيف لكائن انتصرنا عليه أن ينتصر علينا | الدحيح,2024-02-27 17:00:08+00:00,New Media Academy Life ,2535775.0,77488.0,1394.0,1540.0
Y2rFelckA48,نابليون في القاهرة | الدحيح,2024-02-24 17:00:11+00:00,New Media Academy Life ,8278000.0,150643.0,4564.0,2180.0
QYTj9X39KJc,الميتافيرس | الدحيح,2024-02-20 17:00:12+00:00,New Media Academy Life ,2207038.0,87350.0,1328.0,1399.0
lH7vAzmmB-M,الكساد العظيم  | الدحيح,2024-02-17 17:00:11+00:00,New Media Academy Life ,4036864.0,94300.0,1540.0,1737.0
xWmIsG72d24,نحو نحوٍ افضل | الدحيح,2024-02-13 17:00:08+00:00,New Media Academy Life ,2956303.0,111083.0,4537.0,1477.0
wsO1Fxxzarc,توحيد ألمانيا | الدحيح,2024-02-10 17:49:31+00:00,New Media Academy Life ,5051350.0,105111.0,1617.0,1700.0
jDs55BiCSBk,مايحدث في المشرحة | الدحيح,2024-02-06 17:00:11+00:00,New Media Academy Life ,5701861.0,168948.0,2673.0,1461.0
z5d-xsBYAFo,كارت أحمر | الدحيح,2024-02-03 17:00:11+00:00,New Media Academy Life ,1985144.0,70789.0,1422.0,1401.0
_Eduwcfv2_I,الجزائري الذي أبكى فرنسا | الدحيح,2024-01-30 17:00:10+00:00,New Media Academy Life ,4749907.0,197139.0,11316.0,1885.0
0MPLzRDCFAg,يوم في حياة رائـد فضاء | الدحيح,2024-01-27 17:00:09+00:00,New Media Academy Life ,3647549.0,93755.0,1739.0,1888.0
D0ha_xUqI24,ما يميت يفيد | الدحيح,2024-01-23 17:00:11+00:00,New Media Academy Life ,2961333.0,82381.0,1359.0,1460.0
tMOfWn_J58E,مايك تايسون | الدحيح,2024-01-20 17:00:10+00:00,New Media Academy Life ,5055317.0,160786.0,2595.0,1968.0
Z8het4evBqA,الذئب | الدحيح,2024-01-16 17:00:08+00:00,New Media Academy Life ,3097080.0,102253.0,1859.0,1135.0
CFeW61i_MLA,لماذا أكره الطبيعة | الدحيح,2024-01-13 17:00:07+00:00,New Media Academy Life ,2500103.0,72384.0,1315.0,1366.0
3gyeOcpdc6g,حرب النباتات | الدحيح,2024-01-09 17:00:10+00:00,New Media Academy Life ,2054491.0,70410.0,1702.0,1395.0
q8odl57WQYE,الجريمة التي لايعلم عنها أحد | الدحيح,2024-01-06 17:00:08+00:00,New Media Academy Life ,5943852.0,187805.0,3581.0,1727.0
qMqPJIozZvc,الأعاصير | الدحيح,2024-01-02 17:00:09+00:00,New Media Academy Life ,2308640.0,71053.0,1009.0,1341.0
O7uNdw1E1pU,أغرب قصة صعود في التاريخ | الدحيح,2023-12-30 17:00:07+00:00,New Media Academy Life ,4615127.0,108882.0,1861.0,1950.0
cRmbuJRPb9M,اللبن | الدحيح,2023-12-26 17:00:08+00:00,New Media Academy Life ,2653975.0,79002.0,2093.0,1105.0
QKrxZuKQ8J0,البوذا | الدحيح,2023-12-23 17:00:09+00:00,New Media Academy Life ,3651429.0,115214.0,6681.0,1016.0
4EiVHlsQNF4,هل يمكن أن تصل درجة الحرارة في الرياض وبغداد إلى 60C؟ | الدحيح,2023-12-19 17:00:09+00:00,New Media Academy Life ,4004923.0,124428.0,3087.0,1249.0
dPlQOrUnl24,النمر | الدحيح,2023-12-16 17:00:09+00:00,New Media Academy Life ,3299804.0,102967.0,2648.0,1219.0
THYvJgllb-o,الحرب على أهم صناعة في العالم | الدحيح,2023-12-12 17:00:08+00:00,New Media Academy Life ,4314479.0,111257.0,2657.0,2141.0
ikLp-QwVAhc,المجازات | الدحيح,2023-12-09 17:00:11+00:00,New Media Academy Life ,2045930.0,63142.0,1496.0,1200.0
b69HOs2U4lo,تاني يوم بعد القنبلة | الدحيح,2023-12-05 17:00:09+00:00,New Media Academy Life ,10948452.0,314110.0,6644.0,1661.0
UxvCYEdmJH0,الفول | الدحيح,2023-12-02 17:00:12+00:00,New Media Academy Life ,4380025.0,113670.0,3140.0,1483.0
8oPfjx6H-pM,الخلود | الدحيح,2023-11-28 17:00:10+00:00,New Media Academy Life ,3436639.0,111706.0,3777.0,1269.0
WW0raF3wuZU,البطاطس | الدحيح,2023-11-25 17:00:26+00:00,New Media Academy Life ,3778556.0,113380.0,2282.0,1274.0
BlyIHrIJoT0,عندما ذهب عبقري الشطرنج بوبي فيشر إلى الحرب | الدحيح,2023-11-21 13:11:54+00:00,New Media Academy Life ,5343080.0,184422.0,3279.0,1677.0
f0oy-NicIgE,فلسطين .. حكاية الأرض | الدحيح | Palestine .. a Tale of Land,2023-11-14 18:14:59+00:00,New Media Academy Life ,28003775.0,1234676.0,57559.0,3756.0
-DVXdsZbcf8,نهاية المماليك | الدحيح,2023-10-10 17:00:11+00:00,New Media Academy Life ,4113166.0,103908.0,3473.0,1816.0
YXcg79ZcQc4,المماليك | الدحيح,2023-10-07 17:00:10+00:00,New Media Academy Life ,7164954.0,139823.0,2961.0,2037.0
RLL_QRAONSw,غزو الكائنات | الدحيح,2023-10-03 17:00:08+00:00,New Media Academy Life ,3094706.0,85630.0,1397.0,1482.0
YojIlSjdjto,😂 | الدحيح,2023-09-30 17:00:12+00:00,New Media Academy Life ,1863894.0,63042.0,1422.0,1538.0
pWKshuxAIBM,شبح الأمومة | الدحيح,2023-09-26 17:00:11+00:00,New Media Academy Life ,2346175.0,81871.0,2359.0,1529.0
4gZFVrePKSU,كريستيانو رونالدو - الجزء التاني | الدحيح,2023-09-23 17:00:08+00:00,New Media Academy Life ,3891188.0,145579.0,2721.0,1588.0
r8aaonxBWVM,كريستيانو رونالدو - الجزء الأول | الدحيح,2023-09-19 17:00:10+00:00,New Media Academy Life ,7657185.0,237508.0,4458.0,1640.0
dVVhGRxCKQ4,المنظمة السرية التي تحكم الأرض المسطحة خلف الجدار الجليدي | الدحيح,2024-11-19 18:00:06+00:00,New Media Academy Life ,4695791.0,120189.0,6441.0,1811.0
JUUuzUL0S28,هل إله الشر هو الشيطان؟  | الدحيح,2024-11-16 18:00:06+00:00,New Media Academy Life ,3157210.0,97296.0,5342.0,1545.0
fy8T9OwVt0Y,إيلون ماسك 2 | الدحيح,2024-11-12 18:00:06+00:00,New Media Academy Life ,2300161.0,66786.0,1297.0,2290.0
GYkpqo0AYrg,إيلون ماسك 1 | الدحيح,2024-11-09 18:00:06+00:00,New Media Academy Life ,3577206.0,104166.0,2213.0,2138.0
CLr_v2v3tOY,الفطر الساحر | الدحيح,2024-11-05 18:00:06+00:00,New Media Academy Life ,2328232.0,65098.0,1709.0,1694.0
PfU4cG3WZF8,بحر الظلمات  | الدحيح,2024-11-02 18:00:05+00:00,New Media Academy Life ,5620260.0,146768.0,3649.0,1716.0
-g4vvXmE0YI,المسكنات | الدحيح,2024-10-29 17:00:06+00:00,New Media Academy Life ,3214688.0,90434.0,2288.0,1885.0
uA-h1CmScHQ,دونالد ترامب | الدحيح,2024-10-26 17:00:06+00:00,New Media Academy Life ,6158597.0,112647.0,3414.0,2982.0
0ZoRPnYRQaM,الأمراض اليتيمة | الدحيح,2024-10-22 17:00:06+00:00,New Media Academy Life ,1787630.0,59158.0,1397.0,1550.0
a5MXippLahM,أنجيلا ميركل | الدحيح,2024-10-19 17:00:06+00:00,New Media Academy Life ,3010092.0,79892.0,2494.0,2155.0
wooNi1lr-7g,التسلل | الدحيح,2024-10-15 17:00:06+00:00,New Media Academy Life ,2678442.0,85822.0,1546.0,1919.0
4as4CS1x2w0,إمبراطورية الموز | الدحيح,2024-10-12 17:00:06+00:00,New Media Academy Life ,2403323.0,63521.0,1309.0,1737.0
hsVCF5qehIw,الوسواس القهري | الدحيح,2024-10-08 17:00:06+00:00,New Media Academy Life ,4263493.0,132779.0,3498.0,1652.0
UFGA-outZ0o,الأطفال المبتسرين | الدحيح,2024-10-05 17:00:07+00:00,New Media Academy Life ,1611893.0,55277.0,1154.0,1340.0
lLBCM_VJIdI,أم كلثوم في باريس | الدحيح,2024-10-01 17:00:22+00:00,New Media Academy Life ,5203200.0,173762.0,8409.0,2642.0
z9OmIeudbY8,أغبى شخص في الغرفة | الدحيح,2024-09-28 17:00:26+00:00,New Media Academy Life ,3489225.0,122436.0,3082.0,1508.0
eCg6Ybtl2sA,الطريق إلى العدوى | الدحيح,2024-09-24 17:00:21+00:00,New Media Academy Life ,1918815.0,58259.0,1332.0,2037.0
81IXLTQHy6I,عدو الكوكب | الدحيح,2024-09-21 17:00:06+00:00,New Media Academy Life ,2260637.0,67461.0,1272.0,1551.0
ttGWcwBoGks,بروس لي | الدحيح,2024-09-17 17:00:06+00:00,New Media Academy Life ,4516277.0,131842.0,2892.0,1970.0
5SprLhOUpp4,وشتى في هذا المكان وذبح ذبيح، يا الله أُقدّم لك السّلام | الدحيح,2024-09-14 17:00:07+00:00,New Media Academy Life ,3622403.0,111182.0,5729.0,1713.0
sqZqANdRKrk,الحرب الأهلية الأمريكية ٢ | الدحيح,2024-09-10 17:00:08+00:00,New Media Academy Life ,2683811.0,80875.0,1838.0,2092.0
m4FV-c101B4,الحرب الأهلية الأمريكية ١ | الدحيح,2024-09-07 17:00:06+00:00,New Media Academy Life ,4226633.0,108603.0,2673.0,2202.0
kFnrcVkpDPk,البرص | الدحيح,2024-09-03 17:00:07+00:00,New Media Academy Life ,2272882.0,71627.0,3520.0,1415.0
1VbDzaIVuJI,الثقافة الكورية | الدحيح,2024-08-31 17:00:06+00:00,New Media Academy Life ,3824387.0,130851.0,4223.0,1968.0
Vq04T0Cwj5Y,01110011 01110100 01110101 01110000 01101001 01100100 | الدحيح,2024-08-27 17:00:07+00:00,New Media Academy Life ,2975669.0,103521.0,3966.0,1711.0
ks7yL0Vl-P8,طريقك لأفضل جنسية | الدحيح,2024-08-24 17:00:07+00:00,New Media Academy Life ,3739437.0,104750.0,2948.0,1897.0
1_oBBYS3rRs,الزواج السعيد.. علميًا | الدحيح,2024-08-20 17:00:07+00:00,New Media Academy Life ,5062702.0,139831.0,3704.0,1761.0
U_cHdU1xv3k,الخياطة | الدحيح,2024-08-17 17:00:21+00:00,New Media Academy Life ,2450668.0,63410.0,1686.0,1862.0
yyTnuv1gxfc,حيوان ضخمُ الحجم لديه سنام فوق ظهره وملقَّب بسفينة الصحراء.. فمَن هو | الدحيح,2024-08-13 17:00:07+00:00,New Media Academy Life ,2895452.0,88815.0,3841.0,1340.0
nq0EOeSyRBs,أيرلندا | الدحيح,2024-08-10 17:00:06+00:00,New Media Academy Life ,2829314.0,90947.0,2319.0,1599.0
k1t55VUefPI,الشركة العالمية للأبطال الخارقين | الدحيح,2024-08-06 17:00:07+00:00,New Media Academy Life ,4129431.0,117012.0,2215.0,2406.0
U62Jkd529LI,العشاء الأخير | الدحيح,2024-08-03 17:00:07+00:00,New Media Academy Life ,6338853.0,210469.0,9241.0,1750.0
W8syF8UF_Bg,الملح | الدحيح,2024-07-30 17:00:07+00:00,New Media Academy Life ,4100719.0,97280.0,1924.0,1866.0
wCRw3hgIZv4,مافيا | الدحيح,2024-07-27 17:00:07+00:00,New Media Academy Life ,4347130.0,100203.0,1583.0,2043.0
72sfOuuRX94,كوكب القرود | الدحيح,2024-07-23 17:00:06+00:00,New Media Academy Life ,2675674.0,81514.0,3246.0,1383.0
L-fOHHnVBtY,تويوتا | الدحيح,2024-07-20 17:00:07+00:00,New Media Academy Life ,4959435.0,122725.0,2210.0,1832.0
-fyJk0JBG4k,الماسونية | الدحيح,2024-07-16 17:00:06+00:00,New Media Academy Life ,9465078.0,261752.0,12825.0,1655.0
PhnCwZKiHpE,الإنتخابات الأمريكية | الدحيح,2024-07-13 17:00:07+00:00,New Media Academy Life ,4779486.0,101496.0,3294.0,2470.0
1bkakLwbPJ0,كلوب 2 | الدحيح,2024-07-09 17:00:06+00:00,New Media Academy Life ,2384979.0,94197.0,1853.0,1384.0
W-ZRzXcw2QM,كلوب | الدحيح,2024-07-06 17:00:07+00:00,New Media Academy Life ,3248365.0,113846.0,2029.0,1355.0
wE6NNKcnaPA,السفينة التي لا تغرق | الدحيح,2024-07-02 17:00:06+00:00,New Media Academy Life ,5968804.0,173514.0,3796.0,1671.0
BO7mALtbs_k,روميل ثعلب الصحراء | الدحيح,2024-06-29 17:00:06+00:00,New Media Academy Life ,4853723.0,116621.0,2715.0,2340.0
opQIQ5Xhkb4,لصوص لكن شرفاء | الدحيح,2024-06-25 17:00:07+00:00,New Media Academy Life ,2965994.0,77761.0,1942.0,1662.0
25o4-Tl-B58,تسلا 2 | الدحيح,2024-06-22 17:00:06+00:00,New Media Academy Life ,3170872.0,94212.0,2637.0,2032.0
4i7c8g5lA5U,العبقري الذي أضاء العالم | الدحيح,2024-06-18 17:00:07+00:00,New Media Academy Life ,4288498.0,137105.0,3582.0,1484.0
nvhh95cyRDw,كيف تخفي طائرة إلى الأبد ؟ | الدحيح,2024-06-15 17:00:07+00:00,New Media Academy Life ,7034928.0,188605.0,3657.0,1906.0
TQDBlhcl3cI,كيف تبني العالم ؟ | الدحيح,2024-06-11 17:00:06+00:00,New Media Academy Life ,2733635.0,77017.0,1861.0,1521.0
idevGAEPgyg,أشهر ملاهي في كوكب الارض | الدحيح,2024-06-08 17:00:07+00:00,New Media Academy Life ,2123783.0,74155.0,1300.0,1319.0
KHOAFoxaZaQ,أعداد لا وجود لها | الدحيح,2024-06-04 17:00:06+00:00,New Media Academy Life ,3812928.0,128405.0,5790.0,2104.0
NEy6Oj8dmCc,التوحُّد | الدحيح,2024-05-25 17:00:07+00:00,New Media Academy Life ,4428941.0,138981.0,3825.0,1548.0
zGQ3zRDylJo,ثاني أشهر عالِم في العالَم | الدحيح,2024-05-21 17:00:07+00:00,New Media Academy Life ,5221798.0,131170.0,3394.0,1835.0
s0t_4MSQEYQ,أهم قاعدة في الاستثمار  | الدحيح,2024-05-18 17:00:07+00:00,New Media Academy Life ,4755022.0,135377.0,2964.0,1769.0
Ur-JBlBPt6I,أين ذهب أهل الأندلس | الدحيح ,2025-12-16 17:00:06+00:00,New Media Academy Life ,3875076.0,85800.0,7553.0,2944.0
r7Tzq-MtPpM,لماذا يحب الأمريكان إسرائيل؟ | الدحيح,2025-12-13 17:00:06+00:00,New Media Academy Life ,6653162.0,161724.0,8124.0,2879.0
9jxZH7dUtPw,أماكن مثالية للقتل | الدحيح,2025-12-09 17:00:06+00:00,New Media Academy Life ,1962807.0,49860.0,1432.0,1635.0
iW2qF4LrNxI,قصة الإندومي و ما علاقتها بالسرطان؟ | الدحيح,2025-12-06 17:00:07+00:00,New Media Academy Life ,4058432.0,133373.0,3992.0,2275.0
2BggFNfXPGg,سيف الله المسلول | الدحيح,2025-12-02 17:00:06+00:00,New Media Academy Life ,7243959.0,292977.0,20979.0,2168.0
r_QH0UD144Y,الهرمون المظلوم | الدحيح,2025-11-29 17:00:07+00:00,New Media Academy Life ,2187782.0,64151.0,1533.0,1727.0
dEmzsPt47fE,كيف تصبح قرصان؟ | الدحيح,2025-11-25 17:00:06+00:00,New Media Academy Life ,2887042.0,68927.0,1824.0,2034.0
Dubq7s-5zLU,فن فك الشفرات | الدحيح,2025-11-22 17:00:06+00:00,New Media Academy Life ,1879502.0,54339.0,1812.0,1564.0
N7X_466JYUo,ليلة سقوط بغداد | الدحيح,2025-11-18 17:00:06+00:00,New Media Academy Life ,4666683.0,102594.0,4373.0,2760.0
x0sR_Z9euX4,الشباب والجمال | الدحيح,2025-11-15 17:00:06+00:00,New Media Academy Life ,2426823.0,72405.0,1718.0,1840.0
C9CXcm7krk8,خمس طرق لانتهاء العالم | الدحيح,2025-11-11 17:00:06+00:00,New Media Academy Life ,4995404.0,112895.0,4522.0,3103.0
SuNL6JNidTM,استقلال الجزائر | الدحيح,2025-11-08 17:00:06+00:00,New Media Academy Life ,2487665.0,89088.0,5737.0,2338.0
h3mpiTwYKX8,العبودية | الدحيح ,2025-11-04 17:00:06+00:00,New Media Academy Life ,3148045.0,76822.0,2917.0,2392.0
seJ-lxCCR4w,تاريخ الإعدام | الدحيح,2025-11-01 17:00:06+00:00,New Media Academy Life ,2866992.0,83399.0,2214.0,1639.0
KBCMXaWRRE8,البورصة | الدحيح,2025-10-28 17:00:06+00:00,New Media Academy Life ,1656274.0,41303.0,1168.0,1856.0
oEL1Hu5A2aM,الأذن الموسيقية | الدحيح,2025-10-25 17:00:06+00:00,New Media Academy Life ,1376043.0,42612.0,1820.0,1838.0
H6Zg2pfOygI,أجمل خيانة في تاريخ الأدب | الدحيح,2025-10-21 17:00:06+00:00,New Media Academy Life ,2146666.0,66878.0,1893.0,2221.0
8NRQFrrizbo,العمارة التي قاومت النازيين | الدحيح,2025-10-18 17:00:06+00:00,New Media Academy Life ,1344012.0,39195.0,912.0,1669.0
7hmMdqgkaEs,رحلة التسعة شهور | الدحيح,2025-10-14 17:00:06+00:00,New Media Academy Life ,2569234.0,79715.0,2471.0,1764.0
vZMIvR89A6U,فلاديمير بوتين | الدحيح,2025-10-11 17:00:06+00:00,New Media Academy Life ,5903850.0,129808.0,3501.0,3295.0
EmbMuwOK92c,ما معنى المعاني في اللغة العربية؟ | الدحيح,2025-10-07 17:00:06+00:00,New Media Academy Life ,1825945.0,57512.0,2393.0,1486.0
UORKnHvx2uA,الولادة | الدحيح,2025-10-04 17:00:06+00:00,New Media Academy Life ,2001747.0,60310.0,1653.0,2294.0
MLgVNKRkhdw,ثالث أعظم فيزيائي | الدحيح,2025-09-30 17:00:06+00:00,New Media Academy Life ,2082138.0,55692.0,1474.0,2009.0
tf6zUc7aBLM,عدو الزعيم ستالين | الدحيح,2025-09-27 17:00:06+00:00,New Media Academy Life ,1793269.0,43697.0,890.0,2210.0
SpBgkNPysvA,هتلر x ستالين | الدحيح,2025-09-23 17:00:06+00:00,New Media Academy Life ,4647471.0,122544.0,1996.0,2135.0
WR6zI307dsI,الذهب | الدحيح,2025-09-20 17:00:07+00:00,New Media Academy Life ,3566066.0,76551.0,1534.0,1663.0
rczNtWiyqYY,دراكولا | الدحيح,2025-09-16 17:00:06+00:00,New Media Academy Life ,1792818.0,54570.0,1528.0,1508.0
uIcUFR7TTvo,فلاديمير لينين | الدحيح,2025-09-13 17:00:06+00:00,New Media Academy Life ,3943527.0,75993.0,2545.0,3641.0
lcmaV4l7VV8,  لوحة شادي عبدالسلام السينمائية | الدحيح,2025-09-09 17:00:06+00:00,New Media Academy Life ,1694834.0,46617.0,1564.0,2247.0
GQ27JCOfga4,الغراب | الدحيح,2025-09-06 17:00:06+00:00,New Media Academy Life ,3261105.0,88007.0,2756.0,1661.0
VP-Uh7RGLtQ,تيد كازينسكي | الدحيح,2025-09-02 17:00:27+00:00,New Media Academy Life ,1591608.0,47597.0,1567.0,1805.0
B02tez0hDfk,التنس | الدحيح,2025-08-30 17:00:06+00:00,New Media Academy Life ,1349911.0,38284.0,1351.0,1939.0
2RmyXQk5kjg,كيف تصنع قيمة من لا شيء؟ | الدحيح,2025-08-26 17:00:06+00:00,New Media Academy Life ,2155687.0,54907.0,1615.0,1830.0
NZYR5xZPcaU,المراهقة | الدحيح,2025-08-23 17:00:06+00:00,New Media Academy Life ,5200657.0,202659.0,5071.0,1615.0
hceXwZOplzI,كيف جاء نابليون؟ | الدحيح,2025-08-19 17:00:06+00:00,New Media Academy Life ,2149829.0,60593.0,2400.0,2293.0
DL0pWnWurdM,الثورة الفرنسية ١ | الدحيح,2025-08-16 17:00:06+00:00,New Media Academy Life ,3623402.0,88799.0,3315.0,2355.0
eJFe0dzLH5s,المسلسل الأنجح في التاريخ | الدحيح,2025-08-12 17:00:06+00:00,New Media Academy Life ,3271425.0,87684.0,4179.0,3120.0
J9k0g78CCow,الخبز | الدحيح,2025-08-09 17:00:06+00:00,New Media Academy Life ,2595845.0,70236.0,2317.0,1600.0
Ftijk1Gbn80,العمارة الوحشية | الدحيح,2025-08-05 17:00:06+00:00,New Media Academy Life ,1367564.0,37174.0,1218.0,1658.0
p-OXIH5JG68,فن القتل بالكلمات | الدحيح,2025-08-02 17:00:06+00:00,New Media Academy Life ,3191451.0,86014.0,3737.0,2754.0
RiNp0upos30,مارادونا | الدحيح,2025-07-29 17:00:06+00:00,New Media Academy Life ,3551598.0,88319.0,2633.0,3139.0
xfAIPyl8TSk,ثلاث شركات تحكم العالم | الدحيح,2025-07-26 17:00:06+00:00,New Media Academy Life ,3951308.0,72075.0,1552.0,2419.0
D6yGCX2zV-U,إحذر البوينج 737ماكس | الدحيح,2025-07-22 17:00:06+00:00,New Media Academy Life ,2728162.0,63614.0,1748.0,2762.0
vn-Wvosb5UI,أنا لا أتجمل ولكني أكذب | الدحيح,2025-07-19 17:00:06+00:00,New Media Academy Life ,2776493.0,75285.0,2065.0,1782.0
aVCeuoRp95E,أصغر دولة في العالم | الدحيح,2025-07-15 17:00:06+00:00,New Media Academy Life ,3199632.0,75433.0,4286.0,1977.0
xe9jK511gTc,ماذا يتعلم المهندس من الحيوان؟ | الدحيح,2025-07-12 17:00:06+00:00,New Media Academy Life ,1783916.0,47639.0,2018.0,1905.0
p0e7ICI_8ZY,الإجرام والفن و القداسة | الدحيح,2025-07-08 17:00:06+00:00,New Media Academy Life ,1688752.0,44972.0,1416.0,1973.0
WLxWvkR_ecQ,لغة الجسد | الدحيح,2025-07-05 17:00:06+00:00,New Media Academy Life ,4422553.0,123216.0,3767.0,1703.0
tJRjOwK1u0s,فن صناعة الكتاب عند العرب | الدحيح,2025-07-01 17:00:07+00:00,New Media Academy Life ,1666742.0,41982.0,1440.0,2433.0
tRLr1LVKQOA,إقليم كتالونيا | الدحيح,2025-06-28 17:00:06+00:00,New Media Academy Life ,3455088.0,121827.0,4371.0,2236.0
hCM4b476p08,بحبك يا .... | الدحيح,2025-06-24 17:00:06+00:00,New Media Academy Life ,1976442.0,60161.0,2038.0,1585.0
_y_ptIWYBh4,المراجعة النهائية للدوائر الكهريبة | الدحيح,2025-06-21 17:00:06+00:00,New Media Academy Life ,2608511.0,68737.0,2759.0,2325.0
m5MSWv9nJfM,تأملات في صوت جارة القمر | الدحيح,2025-06-14 20:21:10+00:00,New Media Academy Life ,3011963.0,102998.0,6294.0,2317.0
dUzWEha-plE,المراهنات | الدحيح,2025-06-10 17:00:06+00:00,New Media Academy Life ,3115105.0,80212.0,2499.0,2001.0
GVdMd9yJq8Q,لماذا نحن هنا؟ | الدحيح,2025-06-07 17:00:06+00:00,New Media Academy Life ,3507624.0,108602.0,8935.0,2065.0
HG3xQjwenTc,ألف  سنة من الإنهيار | الدحيح,2025-06-03 17:00:06+00:00,New Media Academy Life ,7534046.0,119843.0,8044.0,3079.0
ndDSORY8mrU,من الشام إلى الأندلس | الدحيح,2025-05-31 17:00:06+00:00,New Media Academy Life ,4523754.0,94787.0,4451.0,2365.0
YpPFr3VOSwM,القصص الحقيقية وراء صراع العروش | الدحيح,2025-05-27 17:00:06+00:00,New Media Academy Life ,5120130.0,149628.0,4247.0,2538.0
th0VZq9lNhU,محاكمة سقراط | الدحيح,2025-05-24 17:00:06+00:00,New Media Academy Life ,3513557.0,105588.0,3341.0,1423.0
iOKV2FCL1Gs,منتخب مصر لكرة اليد | الدحيح,2025-05-20 17:00:06+00:00,New Media Academy Life ,1347706.0,47276.0,1690.0,2014.0
RAUCfqFzTAQ,BYD | الدحيح,2025-05-17 17:00:06+00:00,New Media Academy Life ,3770914.0,103004.0,1798.0,1499.0
yl8Ib03nF24,الرجل الذي منع الملوخية | الدحيح,2025-05-13 17:00:06+00:00,New Media Academy Life ,4468685.0,94916.0,4822.0,2362.0
v0FAN5ieUPc,قصة اكتشاف الحمض النووي | الدحيح,2025-05-10 17:00:06+00:00,New Media Academy Life ,4051104.0,99662.0,4650.0,2360.0
veAJjzwVkW4,احذر الأمير النيجيري | الدحيح,2025-05-06 17:00:06+00:00,New Media Academy Life ,2541706.0,58501.0,1428.0,1552.0
IjlfXxtweYo,الملحمة الشعرية | الدحيح,2025-05-03 17:00:06+00:00,New Media Academy Life ,5414358.0,119056.0,4838.0,2775.0
jmhGEiII-DY,هندسة الفشل | الدحيح,2025-04-29 17:00:06+00:00,New Media Academy Life ,2610808.0,63385.0,1774.0,2408.0
9OtuZtCkKGU,أشهر بنطلون في العالم | الدحيح,2025-04-26 17:00:06+00:00,New Media Academy Life ,1774063.0,50712.0,1095.0,1252.0
b6Fl15dIGgg,انفيديا | الدحيح,2025-04-22 17:00:06+00:00,New Media Academy Life ,2636272.0,82391.0,1971.0,1884.0
IZIGyBBk8D8,من هو سام ألتمان؟ | الدحيح,2025-04-19 17:00:06+00:00,New Media Academy Life ,3151074.0,90189.0,2358.0,1697.0
gaDGCjJntSg,الوقود | الدحيح,2025-04-15 17:00:06+00:00,New Media Academy Life ,2905010.0,70724.0,2015.0,1686.0
UWGSCvAN6fg,أكبر مجاعة في مصر | الدحيح,2025-04-12 17:00:06+00:00,New Media Academy Life ,3096502.0,83005.0,3683.0,1857.0
YsAvaMhuQcM,UFC | الدحيح,2025-04-08 17:00:06+00:00,New Media Academy Life ,2585559.0,77979.0,1488.0,1685.0
GYMwr0-OKyI,أشهر قصة رعب في العالم | الدحيح,2025-04-05 17:00:06+00:00,New Media Academy Life ,2809217.0,81340.0,1862.0,1811.0
CCiWWTHz-ZY,ازاي تبقى باتمان؟ | الدحيح,2025-04-01 18:00:06+00:00,New Media Academy Life ,2303724.0,75403.0,1656.0,1553.0
Ypgg-niXS_w,مدائن صالح | الدحيح,2025-03-29 20:00:06+00:00,New Media Academy Life ,3559721.0,74386.0,4744.0,1813.0
3Ov9I8-C6j0,هاري بوتر | الدحيح,2025-03-25 20:00:06+00:00,New Media Academy Life ,3953149.0,109991.0,3865.0,2337.0
qtxquLkeNak,هل فعلًا الدم عمره ما يبقى مياه؟ | الدحيح,2025-03-22 20:00:06+00:00,New Media Academy Life ,2858886.0,96449.0,2502.0,1720.0
WQj_OUBaMg0,الصعاليك | الدحيح,2025-03-18 20:00:06+00:00,New Media Academy Life ,6204180.0,112140.0,4825.0,3223.0
rUUoZBy8BAM,أزمة منتصف العمر | الدحيح,2025-03-15 20:00:06+00:00,New Media Academy Life ,3160029.0,72484.0,2848.0,2268.0
Rjw1319nwrQ,من يحكم الفضاء؟  | الدحيح,2025-03-11 20:00:06+00:00,New Media Academy Life ,2999196.0,69865.0,1896.0,2130.0
kObjsgCUaZk,للصغار فقط - 18 | الدحيح,2025-03-08 20:00:06+00:00,New Media Academy Life ,4803924.0,218776.0,9143.0,1631.0
9V27W-Jx7i4,45 ثانية من الرعب | الدحيح,2025-03-04 20:00:06+00:00,New Media Academy Life ,2839189.0,75039.0,1720.0,2531.0
xfdf7dBfNdg,سفاح الفلانتين | الدحيح,2025-03-01 20:00:06+00:00,New Media Academy Life ,2191180.0,61571.0,1400.0,1609.0
FiVuG3hu53c,حلقة طويلة عن لاعب قصير | الدحيح,2025-02-25 18:00:06+00:00,New Media Academy Life ,2403291.0,74163.0,1887.0,2291.0
HdEzeiSR5eU,معادلة ستغير نظرتك لكل شيء | الدحيح,2025-02-22 18:00:06+00:00,New Media Academy Life ,2799472.0,73650.0,2956.0,1594.0
omeRuTBszFI,كيف تصنع المعجزة | الدحيح,2025-02-18 18:00:06+00:00,New Media Academy Life ,2592507.0,68884.0,4397.0,1799.0
f1Kb5r-UIYQ,الفشل في أن تصبح فقيرًا | الدحيح,2025-02-15 18:00:07+00:00,New Media Academy Life ,3008995.0,77826.0,2967.0,2086.0
cmJiRqdyxN4,سمكة مهمة لا يعلم عنها أحد | الدحيح,2025-02-11 18:00:06+00:00,New Media Academy Life ,2772843.0,71064.0,2125.0,1715.0
5gNVZ7uEtGE,الفشل الكلوي | الدحيح,2025-02-08 18:00:06+00:00,New Media Academy Life ,2990621.0,111436.0,5322.0,1818.0
oXs2b6V89LI,مكان انطلاق الحرب العالمية التالتة | الدحيح,2025-02-04 18:00:06+00:00,New Media Academy Life ,5771017.0,119075.0,2567.0,2551.0
9ZTCUyhoknU,جراح القلب | الدحيح,2025-02-01 18:00:06+00:00,New Media Academy Life ,5072522.0,196130.0,6289.0,3519.0
WbDh1Ot7Dhg,مسجد داخل كنيسة داخل معبد | الدحيح,2025-01-28 18:00:06+00:00,New Media Academy Life ,1985572.0,60556.0,1610.0,1385.0
sQlFqQY6-eo,برج إيفل | الدحيح,2025-01-25 17:00:06+00:00,New Media Academy Life ,3923430.0,82104.0,2531.0,2504.0
KAjNiQmtams,من أمير إلى فقير | الدحيح,2025-01-21 18:00:06+00:00,New Media Academy Life ,2961776.0,116577.0,4184.0,2035.0
73P33vjUIkg,من سكير إلى أمير | الدحيح,2025-01-18 18:00:06+00:00,New Media Academy Life ,5424590.0,156443.0,5281.0,2021.0
8G9KkBdgYY8,ADHD | الدحيح,2025-01-14 18:00:06+00:00,New Media Academy Life ,6791328.0,221854.0,7817.0,2234.0
WyoscGICLzY,قواعد قتل البشر | الدحيح,2025-01-11 18:00:06+00:00,New Media Academy Life ,4781223.0,111335.0,3089.0,2296.0
O5L9dEFQuYs,لماذا لا نتحدث نفس العربية؟ | الدحيح,2025-01-07 18:00:06+00:00,New Media Academy Life ,3864060.0,130982.0,7745.0,1578.0
zE6NqNW-Dk8,اقوى من البشر، أضعف من السكر | الدحيح,2025-01-04 18:00:06+00:00,New Media Academy Life ,4015886.0,107435.0,2919.0,1833.0
1ZlMrt5Vpvw,التربية الإيجابية | الدحيح,2024-12-31 18:00:06+00:00,New Media Academy Life ,4627216.0,141237.0,3732.0,2073.0
ntZq0wIo2ds,الجيم | الدحيح,2024-12-28 18:00:06+00:00,New Media Academy Life ,6165237.0,208017.0,4667.0,1593.0
13nQ7445lcQ,رحلة ملهمة غير مشروعة | الدحيح,2024-12-24 18:00:06+00:00,New Media Academy Life ,11608043.0,182208.0,3064.0,2137.0
2SBCTcsafCE,أعلى قمة في العالم | الدحيح,2024-12-21 18:00:06+00:00,New Media Academy Life ,4659844.0,104789.0,1796.0,1642.0
E2OHHHrtA0Q,الملاكمة 101 | الدحيح,2024-12-17 18:12:51+00:00,New Media Academy Life ,4170845.0,84128.0,2415.0,2086.0
nc8oJTETqoI,منابع النيل | الدحيح,2026-02-03 17:00:06+00:00,New Media Academy Life ,2323544.0,53528.0,2488.0,2673.0
yc7x5jNhXIQ,جون كينيدي | الدحيح,2026-01-31 17:01:30+00:00,New Media Academy Life ,2787968.0,57414.0,2143.0,2791.0
NJ-JcDcff8o,كيف تسيطر على عقول البشر؟ | الدحيح,2026-01-27 17:00:06+00:00,New Media Academy Life ,2062513.0,58064.0,3720.0,2275.0
z2NGnjXG5uQ,كيف تحولت روسيا إلى إمبراطورية؟ | الدحيح,2026-01-24 17:00:07+00:00,New Media Academy Life ,2322906.0,52865.0,1820.0,3098.0
0urc3PabvOs,مصير الأرض و الشمس و كل شيء | الدحيح,2026-01-20 17:00:06+00:00,New Media Academy Life ,2529414.0,69942.0,4569.0,1834.0
3AwL93uolIA,الساموراي | الدحيح ,2026-01-17 17:00:06+00:00,New Media Academy Life ,2559024.0,76452.0,2596.0,1773.0
ArytJ_HZ-1E,هل Citizen Kane أفضل فيلم في التاريخ؟ | الدحيح,2026-01-13 18:25:16+00:00,New Media Academy Life ,1237994.0,31573.0,1428.0,1725.0
gv5hDK2YQfA,تاج محل | الدحيح,2026-01-10 17:00:07+00:00,New Media Academy Life ,1673939.0,45828.0,1794.0,1337.0
8rcY34IA-6I,الأخطبوط | الدحيح,2026-01-06 17:15:22+00:00,New Media Academy Life ,2044209.0,56202.0,2691.0,1868.0
IxsJEffQAZA,أعظم طائرة حربية | الدحيح,2026-01-03 17:18:31+00:00,New Media Academy Life ,3482546.0,98819.0,3360.0,1873.0
8ZL2AAxQmLQ,كيف تنقل جبل وزنه 30 طن قبل أن يغرق؟ | الدحيح,2025-12-30 17:03:49+00:00,New Media Academy Life ,2081568.0,54914.0,2468.0,1924.0
MOEwXtL2DQ4,فيزياء و فلسفة الحركة | الدحيح,2025-12-27 17:00:06+00:00,New Media Academy Life ,1855478.0,49310.0,3125.0,2233.0
DbuoaakWh7g,معركة ذي قار | الدحيح,2025-12-23 17:00:06+00:00,New Media Academy Life ,3260429.0,86090.0,6016.0,2620.0
Lfs9LrpEUf0,لماذا لا نستطيع قراءة الكتب؟  | الدحيح,2025-12-20 17:00:06+00:00,New Media Academy Life ,2940385.0,136298.0,5483.0,1647.0
wbOYqXfGCyI,,,,,,,
PYTNW_1-fPk,الدحيح | كيف تتفاوض مع طفلك؟ إليك الدليل الكامل,2026-04-20 18:32:34+00:00,AJ+ كبريت,911869.0,80302.0,5635.0,1932.0
6rOBc9GIQzI,3 سنوات دحيح,2020-06-09 19:53:37+00:00,AJ+ كبريت,3248125.0,200790.0,35234.0,195.0
SPYG5Dt__pY,الدحيح - ناطحات سحاب,2020-06-06 18:00:12+00:00,AJ+ كبريت,3556496.0,157747.0,5924.0,1116.0
jmJxRrqZPJU,الدحيح - القولون,2020-06-02 18:00:11+00:00,AJ+ كبريت,4147477.0,178453.0,4913.0,815.0
cz1CcW9CaLI,الدحيح - 100 مليون سنة أكل,2020-05-30 18:00:23+00:00,AJ+ كبريت,3272607.0,154436.0,4772.0,955.0
SPjOesmRBK4,الدحيح - كيف تصنع الترند؟,2020-05-26 18:00:07+00:00,AJ+ كبريت,3489778.0,137389.0,4146.0,1519.0
EDEkqDe-MF8,الدحيح - البزنس الذكي,2020-05-23 18:00:03+00:00,AJ+ كبريت,3280343.0,127275.0,2938.0,1027.0
AGJ4Xm7PyhU,الدحيح - الرجل العنكبوت,2020-05-19 18:00:06+00:00,AJ+ كبريت,4397428.0,207159.0,4058.0,1016.0
Eq2ONmBX9yo,الدحيح - الإنفلونزا الإسبانية,2020-05-16 18:00:07+00:00,AJ+ كبريت,2276290.0,117337.0,2683.0,830.0
AwlKoRY_76U,الدحيح - الهبد,2020-05-12 18:00:03+00:00,AJ+ كبريت,3572257.0,178106.0,6344.0,884.0
Hu89bW1_QMI,الدحيح - شوربة الخفافيش,2020-05-09 18:00:02+00:00,AJ+ كبريت,2867009.0,139660.0,4316.0,1460.0
o-vXOZzyqVc,الدحيح - تيك توك,2020-05-05 18:00:24+00:00,AJ+ كبريت,5152708.0,273183.0,7238.0,841.0
-agh_oZxaoE,الدحيح - كلما يقل يكثر,2020-05-02 18:00:00+00:00,AJ+ كبريت,5452632.0,255422.0,5375.0,1046.0
iTaQIhEJXtU,الدحيح - أبوك كل بالليل,2020-04-28 18:00:24+00:00,AJ+ كبريت,3094060.0,131775.0,6020.0,1210.0
lgDR_6xD1KY,الدحيح - الصيام,2020-04-25 18:00:10+00:00,AJ+ كبريت,5450441.0,267855.0,11361.0,897.0
jJ3UNIMSMxI,الدحيح - التعاطف,2020-04-21 18:00:07+00:00,AJ+ كبريت,2169318.0,107206.0,3459.0,998.0
OuiO0hce2QE,الدحيح - 3.14159,2020-04-18 18:00:06+00:00,AJ+ كبريت,4299145.0,211623.0,6059.0,1132.0
OUa3uhxG0c0,الدحيح - إخوات في الرضاعة,2020-04-14 18:00:07+00:00,AJ+ كبريت,3165790.0,163512.0,9928.0,933.0
nDv408Zl84c,الدحيح - كرة القدم الأمريكية,2020-04-11 18:00:10+00:00,AJ+ كبريت,2516139.0,126057.0,4739.0,1107.0
975UwPgUkNw,الدحيح - الدحيح كوميدي,2020-04-07 18:00:02+00:00,AJ+ كبريت,4509515.0,226428.0,12933.0,1303.0
8ONyl5wXyVY,الدحيح - التدخين والسرطان,2020-04-04 18:00:00+00:00,AJ+ كبريت,4217990.0,197653.0,7092.0,1081.0
N-QJlHPAYDE,الدحيح - هزت عرش العلم,2020-03-31 18:00:05+00:00,AJ+ كبريت,5560777.0,213337.0,7534.0,1561.0
ipUznKIhHrg,الدحيح - الحياة في زمن الكورونا,2020-03-28 18:00:28+00:00,AJ+ كبريت,3442512.0,190837.0,7086.0,1070.0
I0h3onMey-4,الدحيح - جائحة كورونا,2020-03-24 18:00:07+00:00,AJ+ كبريت,3627539.0,233106.0,7958.0,778.0
MhGIO7w3a9U,الدحيح - أسوأ أم,2020-03-21 18:00:09+00:00,AJ+ كبريت,3811936.0,214558.0,5231.0,1178.0
8mQ-v11SeRM,الدحيح - لازم نسيب بعض,2020-03-17 18:13:16+00:00,AJ+ كبريت,8713703.0,461128.0,14569.0,1072.0
PU4Nq-5Q1Sc,الدحيح - أخناتون,2020-03-14 18:00:02+00:00,AJ+ كبريت,3233146.0,139358.0,4092.0,697.0
mawje1RAKOw,الدحيح - كورونا (كوفيد-19),2020-03-10 18:00:11+00:00,AJ+ كبريت,6117356.0,355526.0,11446.0,1401.0
Qyvtcpw8NwI,الدحيح - الرياضيات المحرمة,2020-03-07 18:00:09+00:00,AJ+ كبريت,6076766.0,259566.0,4502.0,836.0
J_s1LtMd2zY,الدحيح - حلقة مش وحشة,2020-03-03 18:00:04+00:00,AJ+ كبريت,3434292.0,154924.0,4323.0,893.0
hKDxUuSfw9Q,الدحيح - روبين ويليامز,2020-02-29 18:00:06+00:00,AJ+ كبريت,4814003.0,140561.0,3649.0,1760.0
5Tf22l6szhg,الدحيح - شبابيك اللغة,2020-02-25 18:00:00+00:00,AJ+ كبريت,2428123.0,90575.0,2874.0,1198.0
Jp_Y5P8Qpus,الدحيح - الشتاء قادم,2020-02-22 18:00:06+00:00,AJ+ كبريت,4266598.0,152783.0,4413.0,936.0
UNbXsGSJpbs,الدحيح - من خاف سلم,2020-02-18 18:00:07+00:00,AJ+ كبريت,2020785.0,88841.0,1939.0,649.0
-X7dsuOPKtg,الدحيح - أشهر لوحة في العالم,2020-02-15 18:00:01+00:00,AJ+ كبريت,4351468.0,183593.0,3336.0,936.0
LcyTafn0f2s,الدحيح - الرقاقة الخطيرة,2020-02-11 18:00:02+00:00,AJ+ كبريت,2229605.0,88479.0,1908.0,858.0
YXgbDFPRGjc,الدحيح - العلاج بالصلصة,2020-02-08 18:00:04+00:00,AJ+ كبريت,1982664.0,97507.0,2653.0,890.0
UBUnXo1exBU,الدحيح - كيف يتعلم الأطباء؟,2020-02-04 18:00:06+00:00,AJ+ كبريت,5664219.0,211435.0,4575.0,1314.0
YVk8olC0fmw,الدحيح - قانون بنفورد,2020-02-01 18:00:12+00:00,AJ+ كبريت,2143682.0,89858.0,2493.0,808.0
uZL3018Y5Tk,الدحيح - موزاليزا,2020-01-28 19:13:02+00:00,AJ+ كبريت,2239090.0,103464.0,3010.0,997.0
VKGgzzJ4dK0,الدحيح - الحبة الزرقاء,2020-01-25 18:00:02+00:00,AJ+ كبريت,4943688.0,170325.0,4611.0,1110.0
wG4-nSUXMUM,الدحيح - الأسطول الأصفر,2020-01-21 18:00:15+00:00,AJ+ كبريت,3698551.0,130888.0,3200.0,1348.0
XLEhRU1wlg4,الدحيح - البقاء,2020-01-18 18:00:03+00:00,AJ+ كبريت,2616373.0,106070.0,6610.0,871.0
12LBGRT2cho,الدحيح - الرفض,2020-01-14 18:00:00+00:00,AJ+ كبريت,5192902.0,200562.0,4942.0,1039.0
DC4v9B0urGg,الدحيح - الصلع,2020-01-11 18:00:02+00:00,AJ+ كبريت,3854754.0,154411.0,3989.0,729.0
gPl0CSEpRg8,الدحيح - ثقوب ما لهاش لازمة,2020-01-07 18:00:11+00:00,AJ+ كبريت,3032851.0,106156.0,3394.0,1064.0
sP3ilRaSPvM,الدحيح - اللانهائية,2020-01-04 18:00:08+00:00,AJ+ كبريت,4323163.0,147892.0,7427.0,1611.0
Negh_LoRmIo,الدحيح - هدنة عيد الميلاد,2019-12-31 18:00:02+00:00,AJ+ كبريت,2473202.0,113077.0,3417.0,1076.0
VRPcciuIMb8,الدحيح - مديرون أشرار,2019-12-28 18:00:07+00:00,AJ+ كبريت,2461104.0,82402.0,2611.0,1141.0
DXmDxlKWHYo,الدحيح - فلوس الأغنياء,2019-12-24 18:00:00+00:00,AJ+ كبريت,6434419.0,229755.0,5107.0,1002.0
saYVbgdn3VU,الدحيح - الحرب العالمية الأولى,2019-12-21 18:00:04+00:00,AJ+ كبريت,11308170.0,323854.0,6777.0,1508.0
q1fXIbe5s7s,الدحيح - أهم تاكسي في التاريخ,2019-12-17 18:00:15+00:00,AJ+ كبريت,4269301.0,114132.0,2228.0,1444.0
PNkchH_EFec,الدحيح - صعود أوبر,2019-12-14 18:00:08+00:00,AJ+ كبريت,3195851.0,98239.0,2567.0,1513.0
H5pTxwNoYb8,الدحيح - لازم تنام,2019-12-10 18:00:03+00:00,AJ+ كبريت,10787151.0,476059.0,9796.0,809.0
rrnHkoGLyNU,الدحيح - موظفون بؤساء,2019-12-07 18:00:09+00:00,AJ+ كبريت,7954910.0,157067.0,4784.0,2534.0
EADToaHo188,الدحيح - جنكستان,2019-12-03 18:00:04+00:00,AJ+ كبريت,2125515.0,86152.0,2397.0,815.0
8FVHipm2O5I,الدحيح - طريقة عمل اللغة,2019-11-30 18:00:02+00:00,AJ+ كبريت,3149855.0,126944.0,4580.0,959.0
aZI5UF1EWw8,الدحيح - قانون الغابة,2019-11-26 18:00:00+00:00,AJ+ كبريت,2691303.0,104350.0,2615.0,944.0
SzMRf9ONm_g,الدحيح - البكتيريا الشقية,2019-11-23 18:00:04+00:00,AJ+ كبريت,1748501.0,80838.0,2552.0,962.0
hUwssGjyNS0,الدحيح - ظاهرة الكلب المستضعف,2019-11-19 18:00:05+00:00,AJ+ كبريت,1786979.0,72042.0,2215.0,971.0
natBdoO3E7k,الدحيح - الرياضيون الخارقون,2019-11-16 18:00:13+00:00,AJ+ كبريت,1966951.0,87920.0,1850.0,884.0
3C2tG2eH9-k,الدحيح - الشاويش بطوط,2019-11-12 18:00:00+00:00,AJ+ كبريت,2427867.0,104502.0,2940.0,971.0
fasGAHGfMpc,الدحيح - المجاز والجواز,2019-11-09 18:00:05+00:00,AJ+ كبريت,2421739.0,72157.0,2849.0,1170.0
NDiAWaODyXM,الدحيح - الفراعنة في 1602 ثانية,2019-11-05 18:00:05+00:00,AJ+ كبريت,12947379.0,347834.0,14694.0,1603.0
8s3waZw1as0,الدحيح - الضغط العصبي,2019-11-02 18:00:00+00:00,AJ+ كبريت,6266353.0,291965.0,6101.0,976.0
uzEZ-_tfNsM,الدحيح - الدحيح الحبّيب,2019-10-29 18:00:10+00:00,AJ+ كبريت,2936753.0,133454.0,3669.0,810.0
DSwejW3NelU,الدحيح - الدولفين الأزرق,2019-10-26 18:00:00+00:00,AJ+ كبريت,3038412.0,108764.0,3466.0,1157.0
ih9bnh9QcwE,الدحيح - الجوكر,2019-10-22 18:00:05+00:00,AJ+ كبريت,6837617.0,278356.0,6602.0,1359.0
GXuxaKo73oY,الدحيح - تغريدة المخابرات الأمريكية,2019-10-19 18:00:00+00:00,AJ+ كبريت,4363999.0,123393.0,2637.0,959.0
6xJQglUbro8,الدحيح - أخو نيمار,2019-10-15 18:00:00+00:00,AJ+ كبريت,2430709.0,105682.0,3608.0,1131.0
LqmKFLuCvSM,الدحيح - أم جرثوم,2019-10-12 18:00:04+00:00,AJ+ كبريت,1889079.0,81028.0,2811.0,795.0
aKrXC_QdfMA,الدحيح - الوحدة,2019-10-08 18:00:00+00:00,AJ+ كبريت,8613573.0,329092.0,9672.0,1022.0
psR8ss55AzA,الدحيح - عملة الفيسبوك,2019-10-05 18:00:04+00:00,AJ+ كبريت,2256414.0,82626.0,2055.0,1104.0
t96BJxce_PA,الدحيح - علاقات سامة,2019-10-01 18:00:07+00:00,AJ+ كبريت,3610627.0,140599.0,3082.0,635.0
Y7I9hmWCrrg,الدحيح - عفاريت الأسفلت,2019-09-28 18:00:04+00:00,AJ+ كبريت,2206971.0,87199.0,7251.0,757.0
udr1bdC6VB0,الدحيح - هنعوض في الفاينل,2019-09-24 18:00:06+00:00,AJ+ كبريت,6914286.0,326685.0,10786.0,1102.0
cilkoN8EwJw,الدحيح - حرب فيتنام 2,2019-09-21 18:00:03+00:00,AJ+ كبريت,4253317.0,145475.0,2582.0,792.0
aQlY7XnzJvQ,الدحيح - حرب فيتنام 1,2019-09-17 18:00:00+00:00,AJ+ كبريت,8185964.0,216273.0,4046.0,1355.0
4aIxY-pGEQ4,الدحيح - القفز للمستقبل,2019-09-14 18:00:00+00:00,AJ+ كبريت,3454863.0,141258.0,3805.0,732.0
s92_WAmOc7Q,الدحيح - التوازي العلمي,2019-09-10 18:00:04+00:00,AJ+ كبريت,1910101.0,72544.0,2587.0,806.0
CG48pSyK8GU,الدحيح - الدولار,2019-09-07 18:00:01+00:00,AJ+ كبريت,6241049.0,158287.0,3312.0,1334.0
ZQER0246qbA,الدحيح - التمساح المجنح,2019-08-31 18:00:10+00:00,AJ+ كبريت,4457027.0,155099.0,4924.0,1042.0
1iZftbIYaV0,الدحيح - أجهزة عذراء,2019-08-27 18:00:02+00:00,AJ+ كبريت,2324371.0,99365.0,2510.0,812.0
bkRPdt6xSEQ,الدحيح - يوتوبيا,2019-08-24 18:00:03+00:00,AJ+ كبريت,2934419.0,107987.0,3588.0,1045.0
L43eKPMO1so,الدحيح - البطريق,2019-08-20 18:00:01+00:00,AJ+ كبريت,2991652.0,122472.0,5742.0,1044.0
BKGJwCTiN74,الدحيح - إبادة الكتب,2019-08-17 18:00:00+00:00,AJ+ كبريت,2334295.0,103630.0,4766.0,764.0
WC7H6-U7T34,الدحيح - قنبلة المادة المضادة,2019-08-13 18:00:00+00:00,AJ+ كبريت,2383353.0,103992.0,2830.0,713.0
ueh4P1CF1VY,الدحيح - فيلم العيد,2019-08-10 18:00:11+00:00,AJ+ كبريت,2279925.0,104798.0,2944.0,877.0
fnp4qbQRO8Q,الدحيح - حلقة مدفوعة الأجر,2019-08-06 18:00:04+00:00,AJ+ كبريت,2372085.0,101481.0,3140.0,754.0
_9NiZWRrM7Y,الدحيح - زوبعة فنجان,2019-08-03 18:00:04+00:00,AJ+ كبريت,2491380.0,88843.0,4092.0,895.0
W5xtfJ9NF2E,الدحيح - الأشعة الكونية,2019-07-30 18:00:02+00:00,AJ+ كبريت,1927692.0,89337.0,3559.0,783.0
fPYCDLymh4Q,الدحيح - الرعب النووي,2019-07-27 19:44:57+00:00,AJ+ كبريت,4808153.0,165592.0,4246.0,995.0
P6Dqi2DZHYU,الدحيح - الهاتف الذكي,2019-07-23 18:00:02+00:00,AJ+ كبريت,3508950.0,153384.0,5470.0,864.0
bkqGAcAmyJc,الدحيح - اختبار الذكاء,2019-07-20 18:00:06+00:00,AJ+ كبريت,4424581.0,183076.0,5752.0,1115.0
mP6Psd6YcQI,الدحيح - الرجل الأبيض شايل سيفه,2019-07-16 18:00:06+00:00,AJ+ كبريت,2218205.0,83873.0,4038.0,953.0
UuwA_avpd8o,الدحيح - اليابان الرِّوش,2019-07-13 18:00:03+00:00,AJ+ كبريت,3762957.0,185992.0,6556.0,925.0
PyJzz0zncU4,الدحيح - هو وهي ودوائر الهوية,2019-07-09 19:03:53+00:00,AJ+ كبريت,1933296.0,75161.0,3060.0,867.0
aqKHbCwhA9Y,الدحيح - الذكاء الغبي,2019-07-06 18:00:01+00:00,AJ+ كبريت,5794040.0,212329.0,5383.0,879.0
exX2Bi1EYJ4,الدحيح - الطاقة المظلمة,2019-07-02 18:00:05+00:00,AJ+ كبريت,4093375.0,140462.0,6944.0,1204.0
2d_5xO9ZSPY,الدحيح - كله بالبركة,2019-06-29 18:00:00+00:00,AJ+ كبريت,2233846.0,111652.0,4370.0,689.0
F3kut9M4ick,الدحيح - القرصنة,2019-06-25 18:00:00+00:00,AJ+ كبريت,3786545.0,168859.0,4631.0,911.0
4q7SFKBXVro,الدحيح - خيار وتفاح,2019-06-22 18:00:00+00:00,AJ+ كبريت,3362116.0,158953.0,4713.0,827.0
8TIygq4QHh4,الدحيح - حرب كرة القدم,2019-06-18 18:00:00+00:00,AJ+ كبريت,3982928.0,173472.0,4716.0,1024.0
CylgmoixaP0,"الدحيح - ""كوبي رايت""",2019-06-15 18:00:02+00:00,AJ+ كبريت,3301615.0,158583.0,4392.0,1009.0
YZo8TjZGrsE,الدحيح - لا ناموس بعد اليوم,2019-06-11 18:00:05+00:00,AJ+ كبريت,3847647.0,165123.0,6107.0,873.0
0l7MMsJ4i4I,الدحيح - فيلم ثقافي,2019-06-08 19:18:12+00:00,AJ+ كبريت,3086248.0,130408.0,6109.0,738.0
YdvywuZVrfs,الدحيح - مدمن نجاحات,2019-06-04 18:00:04+00:00,AJ+ كبريت,4005768.0,169231.0,5538.0,955.0
4SdJnp88M-I,الدحيح - يا محاسن الصدف,2019-06-01 18:00:00+00:00,AJ+ كبريت,3738008.0,141716.0,20168.0,975.0
Gb_p1I_CxXA,الدحيح - الحاسة السادسة,2019-05-28 18:00:00+00:00,AJ+ كبريت,4520701.0,207238.0,7220.0,815.0
08r7d-WjHks,الدحيح - المادة المظلمة,2019-05-25 18:40:30+00:00,AJ+ كبريت,3941034.0,158104.0,5273.0,911.0
kE8Sc_sqauE,الدحيح - ميسي المتخاذل,2019-05-21 18:00:05+00:00,AJ+ كبريت,6437182.0,288752.0,8468.0,1320.0
_F0pNv41qMk,الدحيح - عائلة الحاج متولي مرزوق,2019-05-18 18:00:02+00:00,AJ+ كبريت,2943335.0,101293.0,3951.0,1071.0
vmmGJTdmgts,الدحيح - طيران الأستاذ ممتاز,2019-05-14 18:00:11+00:00,AJ+ كبريت,3926705.0,145658.0,3575.0,966.0
OOu55yn6JQQ,الدحيح - تسلا وسبيس إكس,2019-05-11 18:00:02+00:00,AJ+ كبريت,6128899.0,207371.0,4308.0,1342.0
li-aMKu4rDc,الدحيح - بدايات إيلون ماسك,2019-05-07 18:00:10+00:00,AJ+ كبريت,7127963.0,281082.0,4661.0,1230.0
YkgG7b_n9oU,الدحيح - إحياء الموتى,2019-05-04 18:00:02+00:00,AJ+ كبريت,4927976.0,232170.0,7782.0,1130.0
nmZcGPIrojI,الدحيح - إبراهيم وحسام,2019-04-30 18:00:03+00:00,AJ+ كبريت,2781838.0,134650.0,4695.0,994.0
QeXT7SOTaAM,الدحيح - جيناتي عزة,2019-04-27 18:00:05+00:00,AJ+ كبريت,1944635.0,89676.0,2752.0,715.0
PsjQKnSbmqg,الدحيح - موت قزح,2019-04-23 18:00:01+00:00,AJ+ كبريت,2684259.0,112104.0,3658.0,862.0
mJVwgFKvADQ,الدحيح - بريكست,2019-04-20 18:00:05+00:00,AJ+ كبريت,4668638.0,122201.0,3697.0,1667.0
uhAg97NqLuI,الدحيح - أخطر فركشة في التاريخ,2019-04-16 18:00:06+00:00,AJ+ كبريت,6711846.0,158255.0,4414.0,1890.0
RmXitCZ7eho,الدحيح - في بيتنا أسد,2019-04-13 18:00:01+00:00,AJ+ كبريت,3495111.0,153127.0,4567.0,889.0
16qSo2DuHDI,الدحيح - هو الكون إيه؟,2019-04-09 18:00:00+00:00,AJ+ كبريت,6134785.0,227680.0,10041.0,1007.0
2K_gWxST1Vg,الدحيح - محاكمة الطب الجنائي,2019-04-06 18:00:00+00:00,AJ+ كبريت,3746938.0,146793.0,2911.0,688.0
j-NIePo6XF4,الدحيح - عليك واحد,2019-04-02 18:00:03+00:00,AJ+ كبريت,3038767.0,124849.0,2761.0,755.0
UIz-y4COX_I,الدحيح - ليه بنموت؟,2019-03-30 18:00:03+00:00,AJ+ كبريت,6885287.0,294443.0,14398.0,819.0
QERwdX4kt3E,الدحيح - أرقام كاذبة,2019-03-26 18:00:02+00:00,AJ+ كبريت,3188216.0,130603.0,3524.0,1033.0
BdZo4ixQKO4,الدحيح - هشاشة السلامة,2019-03-23 18:00:01+00:00,AJ+ كبريت,2828519.0,106453.0,3436.0,802.0
_38iAr7mDso,الدحيح - الزم حدودك,2019-03-19 18:00:06+00:00,AJ+ كبريت,3099731.0,129560.0,5142.0,749.0
ftbgcarkxS0,الدحيح - الطب النفسي,2019-03-16 18:00:05+00:00,AJ+ كبريت,8542141.0,294592.0,5948.0,1123.0
xwdn-GEa268,الدحيح - الباندا,2019-03-12 18:00:05+00:00,AJ+ كبريت,3267012.0,146280.0,3274.0,877.0
6VZC_eCwys8,الدحيح - العلاج المناعي,2019-03-09 18:00:00+00:00,AJ+ كبريت,2749166.0,112313.0,3208.0,713.0
4XVxKeRj3EM,الدحيح - الانقراض,2019-03-05 18:00:00+00:00,AJ+ كبريت,3705172.0,148818.0,3432.0,894.0
hHiCfg6csNA,الدحيح - قصة القصة,2019-03-02 18:00:05+00:00,AJ+ كبريت,2322395.0,106913.0,4215.0,873.0
yQ2b6srpnPI,الدحيح - شنب وفستان,2019-02-26 18:00:10+00:00,AJ+ كبريت,2927904.0,129189.0,5070.0,1302.0
9n-Ne3in2rg,الدحيح - البيولوجيا الكمية,2019-02-23 18:00:01+00:00,AJ+ كبريت,2267211.0,102696.0,4336.0,711.0
NbxoNMmifR4,الدحيح - روسيا,2019-02-19 18:00:01+00:00,AJ+ كبريت,7760512.0,261062.0,6032.0,1027.0
IXn-AR8GLfk,الدحيح - فضيلة الأنانية,2019-02-16 18:00:01+00:00,AJ+ كبريت,3233257.0,134345.0,4303.0,779.0
T7kFMRhz0Tw,الدحيح - هل الحيوانات تحلم؟,2019-02-12 18:00:03+00:00,AJ+ كبريت,2266123.0,115760.0,2928.0,569.0
H37yuTXXwo8,الدحيح - تجارب الفيسبوك,2019-02-09 18:00:01+00:00,AJ+ كبريت,2377248.0,108505.0,2667.0,622.0
cm3fDQ4YFDw,الدحيح - على جنب يا اسطى,2019-02-05 18:00:03+00:00,AJ+ كبريت,2141146.0,109483.0,2753.0,558.0
dEiS_WpFuc0,الدحيح - الحرب العالمية الثانية,2019-02-02 18:00:02+00:00,AJ+ كبريت,25997432.0,623259.0,19390.0,2354.0
GnpwWk_75vc,الدحيح - هتلر 2,2019-01-29 18:00:03+00:00,AJ+ كبريت,9027166.0,272954.0,7057.0,1454.0
F6MvE6LobFM,الدحيح - حيوانات حساسة,2019-01-26 18:00:01+00:00,AJ+ كبريت,3100146.0,131132.0,3257.0,742.0
wR9-qhoRfwE,الدحيح - الظاهرة كريم بنزيمة,2019-01-22 18:00:11+00:00,AJ+ كبريت,5441653.0,243311.0,7792.0,835.0
5dQb3-c_bPo,الدحيح - حساسية المياه,2019-01-19 18:00:00+00:00,AJ+ كبريت,2518524.0,119705.0,3043.0,371.0
iLyKbfr89Mc,الدحيح - النرجسية,2019-01-15 18:00:03+00:00,AJ+ كبريت,7246763.0,321991.0,7488.0,720.0
5IfivfvpgWw,الدحيح - الصدفة,2019-01-12 18:00:01+00:00,AJ+ كبريت,6207622.0,234080.0,4347.0,887.0
WWxMV2rR5fE,الدحيح - الكائن الطباخ,2019-01-08 18:00:07+00:00,AJ+ كبريت,2261648.0,97253.0,2803.0,648.0
0wmALpeGjnM,الدحيح - نظارات شمس,2019-01-05 18:00:01+00:00,AJ+ كبريت,3483230.0,142225.0,3640.0,715.0
_IsVy72DE58,الدحيح - سوبر هيروز,2019-01-01 18:00:03+00:00,AJ+ كبريت,3219991.0,139750.0,3140.0,839.0
c4rEhRpsbYk,الدحيح - خرافة التقدم والتأخر,2018-12-29 18:00:06+00:00,AJ+ كبريت,3010555.0,110218.0,2947.0,736.0
qFIO6jXHdyU,الدحيح - حتموت من الضحك,2018-12-25 18:00:08+00:00,AJ+ كبريت,5067626.0,228737.0,5079.0,687.0
9lewKY1q79k,الدحيح - تجربة ماري,2018-12-22 18:00:00+00:00,AJ+ كبريت,2131606.0,79635.0,2152.0,700.0
ltUQ3zTv2k8,الدحيح - الحب على النت,2018-12-18 18:00:03+00:00,AJ+ كبريت,4690249.0,232137.0,6329.0,673.0
rkk4jlJlGwM,الدحيح - أذكى جيناتك,2018-12-15 18:00:05+00:00,AJ+ كبريت,2020954.0,75097.0,2029.0,612.0
DtNWs9N16c8,الدحيح - شغلانات مالهاش لازمة,2018-12-11 18:00:01+00:00,AJ+ كبريت,6491318.0,213055.0,4684.0,1011.0
ZFjfK8piBbQ,الدحيح - التعويذة الخوارزمية,2018-12-08 18:00:02+00:00,AJ+ كبريت,2499557.0,101349.0,2832.0,707.0
iyCn7gpeqEI,الدحيح - إنجاب الأحباب,2018-12-04 18:00:04+00:00,AJ+ كبريت,1977501.0,97989.0,5269.0,513.0
mo-VkD60ZsA,الدحيح - نقتل نص الكوكب,2018-12-01 18:00:03+00:00,AJ+ كبريت,5218371.0,212248.0,4825.0,900.0
YbT9vjp8OYk,الدحيح - تيكي تاكا,2018-11-27 18:00:05+00:00,AJ+ كبريت,4595643.0,187651.0,3473.0,937.0
52wamXVvJW4,الدحيح - كيف بدأ الكلب؟,2018-11-24 18:00:00+00:00,AJ+ كبريت,4395630.0,187550.0,4098.0,769.0
CCu3Nqn0pRc,الدحيح - آه لو لعبت يا زهر,2018-11-20 18:00:01+00:00,AJ+ كبريت,2491636.0,96555.0,2876.0,772.0
uHVyKKHXLZQ,الدحيح - التنمية الاقتصادية,2018-11-17 18:00:05+00:00,AJ+ كبريت,2160774.0,77838.0,2624.0,707.0
4iBGr1G34OI,الدحيح - تجارة الأفكار,2018-11-13 18:00:01+00:00,AJ+ كبريت,3162327.0,119823.0,3829.0,744.0
vpc7v3fDiTk,الدحيح - جماعة الإخوان الفيثاغورثيين,2018-11-10 18:00:09+00:00,AJ+ كبريت,2271267.0,84382.0,3610.0,646.0
0jMBuO09h58,الدحيح - أغنية بص بصة على المصادر,2018-11-04 10:51:55+00:00,AJ+ كبريت,2646889.0,139717.0,5114.0,153.0
DnERaC0ySEY,الدحيح - يا سلام يا سلام يا سلام يا سلام,2018-11-03 18:00:01+00:00,AJ+ كبريت,2663706.0,139445.0,6389.0,844.0
aKFxh-IeJog,الدحيح - في مدح الكسل,2018-10-27 18:00:01+00:00,AJ+ كبريت,4580007.0,171472.0,4015.0,740.0
oZxJNBfHAr8,الدحيح - معضلة المساجين,2018-10-20 18:00:05+00:00,AJ+ كبريت,3282074.0,119339.0,2601.0,681.0
SdEe4t_HH7w,الدحيح - أين ذهب الكرش؟,2018-10-13 18:00:03+00:00,AJ+ كبريت,2160187.0,88610.0,2459.0,478.0
xs5eG7C4WKk,الدحيح - ستارت أب,2018-10-06 18:00:08+00:00,AJ+ كبريت,2680610.0,122027.0,3294.0,875.0
4fPI6hUgeJo,الدحيح - المارشملو,2018-09-29 18:00:01+00:00,AJ+ كبريت,4853206.0,216550.0,5211.0,758.0
yED_4fUd8Ig,الدحيح - الكون,2018-09-22 18:00:06+00:00,AJ+ كبريت,4705001.0,165616.0,6573.0,802.0
m9c-keUEViA,الدحيح - البطالة,2018-09-15 18:00:05+00:00,AJ+ كبريت,4755717.0,135428.0,2967.0,868.0
fHCWNPc027Q,الدحيح - الذاكرة الكاذبة,2018-09-08 18:00:04+00:00,AJ+ كبريت,4892000.0,186572.0,3259.0,693.0
WtUc0vnPFiM,الدحيح - ناس نتنة,2018-09-01 18:00:01+00:00,AJ+ كبريت,3867934.0,132149.0,3708.0,639.0
-h0jB1n2OJo,الدحيح - لعنة البترول,2018-08-25 18:00:00+00:00,AJ+ كبريت,4345061.0,159200.0,3985.0,773.0
Y6UB2N6T9tk,الدحيح - مفارقة الإنستغرام,2018-08-18 18:00:04+00:00,AJ+ كبريت,3128024.0,182332.0,3418.0,512.0
14IzHF1zi28,الدحيح - هتلر,2018-08-11 18:00:00+00:00,AJ+ كبريت,12974449.0,380381.0,7890.0,837.0
oPUkpcmAc-w,الدحيح - الحروب,2018-08-04 18:00:04+00:00,AJ+ كبريت,4448585.0,142557.0,2823.0,725.0
2DGJNwUy_EM,الدحيح -  النووي والبكيني,2018-07-28 18:00:01+00:00,AJ+ كبريت,5356176.0,203959.0,4661.0,661.0
XF3BSYxA5eg,الدحيح - أخلاق الأطفال,2018-07-21 18:00:01+00:00,AJ+ كبريت,3138096.0,146014.0,3420.0,616.0
wDXXVBJq2ow,الدحيح - لعبة الديكتاتور,2018-07-14 18:00:04+00:00,AJ+ كبريت,2641694.0,91521.0,1523.0,551.0
ol8SkzSZIvM,الدحيح - سيارات ذاتية القيادة,2018-07-07 18:00:03+00:00,AJ+ كبريت,1686900.0,67541.0,1941.0,587.0
nehA5-iM8-c,الدحيح - معضلة القطار,2018-06-30 18:00:03+00:00,AJ+ كبريت,2844013.0,102031.0,3430.0,672.0
QCg6YH9bHg0,الدحيح - أبو نيمار,2018-06-23 18:00:00+00:00,AJ+ كبريت,5092168.0,222421.0,4276.0,746.0
Tdomyk_nMWI,الدحيح - معضلة الحمار,2018-06-09 18:00:00+00:00,AJ+ كبريت,2674032.0,105953.0,2046.0,531.0
Q8WSUbyLAyM,الدحيح - أخلاق الروبوتات,2018-06-02 18:00:01+00:00,AJ+ كبريت,924879.0,38217.0,1349.0,582.0
1SZZpfqW81U,الدحيح - صوتي لروبوتي,2018-05-26 18:00:01+00:00,AJ+ كبريت,1352533.0,40612.0,1037.0,582.0
FNmwsHlfZRE,الدحيح - احتواء الذكاء,2018-05-19 18:00:01+00:00,AJ+ كبريت,1571566.0,60577.0,1518.0,582.0
qeXPYFM4FI0,الدحيح - التكديس القهري,2018-05-12 18:00:02+00:00,AJ+ كبريت,2557239.0,117297.0,2784.0,514.0
k9zkzTvTSIg,الدحيح - بموت من الجوع,2018-05-05 18:00:02+00:00,AJ+ كبريت,2264702.0,95484.0,2051.0,448.0
jbDWe55zpzw,الدحيح - لو الشر مرض؟,2018-04-28 18:00:02+00:00,AJ+ كبريت,1650764.0,62451.0,2325.0,517.0
vCyWNUzf8Ks,الدحيح - السفَّاح,2018-04-21 18:00:01+00:00,AJ+ كبريت,3269366.0,121390.0,2848.0,470.0
eosw1CBlN-c,الدحيح - مخيَّر أم مخيَّر؟,2018-04-14 18:00:01+00:00,AJ+ كبريت,2859033.0,117980.0,5021.0,567.0
NEXVNKHKg_s,الدحيح - السيطرة على المخ,2018-04-07 18:00:01+00:00,AJ+ كبريت,3344198.0,117602.0,2477.0,495.0
_CQ-6EEaVTY,الدحيح - قراءة الأفكار,2018-03-31 18:00:04+00:00,AJ+ كبريت,4406305.0,167574.0,2792.0,534.0
SkwUz8U-t4U,الدحيح - الإنتروبي,2018-03-24 18:00:02+00:00,AJ+ كبريت,2581804.0,102303.0,3508.0,626.0
7PTEuJwH-vk,الدحيح - الوسطي الجميل,2018-03-17 18:00:01+00:00,AJ+ كبريت,1872030.0,76430.0,1720.0,609.0
Ubz-zr312xU,الدحيح - فين الفضائيين؟,2018-03-10 18:00:02+00:00,AJ+ كبريت,3883076.0,165116.0,4675.0,562.0
_hTKa6e2jec,الدحيح - شاورما الديناصور,2018-03-03 18:00:05+00:00,AJ+ كبريت,2237769.0,83793.0,3696.0,536.0
cEC8slwGkz0,الدحيح - البطاقة الشريرة,2018-02-17 18:00:02+00:00,AJ+ كبريت,2496285.0,96158.0,3664.0,604.0
MjB7lQn8uz8,الدحيح - أنا والكراش وهواك,2018-02-10 18:00:02+00:00,AJ+ كبريت,2487971.0,120547.0,2655.0,482.0
7fP3r2e_8CM,الدحيح - إله الدولة الملحدة,2018-02-03 18:00:00+00:00,AJ+ كبريت,6006923.0,200830.0,10228.0,612.0
FKEF5dXaCA8,الدحيح - الدواء والغلاء,2018-01-27 18:00:01+00:00,AJ+ كبريت,1095961.0,50484.0,1374.0,441.0
-pcBIQjKYO8,الدحيح - وش,2018-01-20 18:00:01+00:00,AJ+ كبريت,2394321.0,95130.0,1968.0,549.0
UxrhhUIOKZg,الدحيح - الكرش صانع التاريخ,2018-01-13 18:00:01+00:00,AJ+ كبريت,2465250.0,103165.0,2077.0,482.0
D7opPETvi_E,الدحيح - هندسة المصلحة,2018-01-06 18:00:00+00:00,AJ+ كبريت,2817705.0,81171.0,1595.0,589.0
uDbVS-OM3G4,الدحيح - زمام الأحلام,2017-12-30 18:00:04+00:00,AJ+ كبريت,2401808.0,98550.0,1759.0,455.0
NjfnhHMmQ-M,الدحيح - الاستغلال حلال؟,2017-12-23 18:00:01+00:00,AJ+ كبريت,2391426.0,80435.0,2118.0,523.0
009zDn1G6yc,الدحيح - ألوان زمان,2017-12-16 18:00:01+00:00,AJ+ كبريت,1968127.0,63909.0,2287.0,557.0
4UW_YbA05Kk,الدحيح - البيت كويْن,2017-12-09 18:00:01+00:00,AJ+ كبريت,3206001.0,135234.0,3902.0,525.0
VUdN7puocNY,الدحيح - ديون وتورتة,2017-12-02 18:00:04+00:00,AJ+ كبريت,2330277.0,62622.0,1351.0,617.0
Sla8OQ_vHi4,الدحيح - إفلاس الدول,2017-11-18 18:00:02+00:00,AJ+ كبريت,4022566.0,137482.0,2875.0,709.0
YluRO_QiU3E,الدحيح - صفر,2017-11-11 18:00:02+00:00,AJ+ كبريت,3812435.0,149734.0,3183.0,505.0
y33sA9X2qk4,الدحيح - الولا حاجة,2017-11-04 18:00:04+00:00,AJ+ كبريت,2502548.0,101428.0,2972.0,508.0
fRBS9spqijU,الدحيح -  المساس بالاحتباس,2017-10-28 18:00:04+00:00,AJ+ كبريت,1737690.0,51632.0,1195.0,484.0
LL8NtfK9TiI,الدحيح - المصفوفة,2017-10-21 18:00:00+00:00,AJ+ كبريت,2653745.0,88082.0,3261.0,569.0
LapWA4ZEzfY,الدحيح - أسماء للبيع,2017-10-14 18:00:01+00:00,AJ+ كبريت,2280654.0,78735.0,1682.0,494.0
RqDKA00B7CU,الدحيح - متراقبين؟,2017-10-07 18:00:01+00:00,AJ+ كبريت,2333584.0,83639.0,1282.0,448.0
ld9XNekHrLw,الدحيح - ما ذنب النباتات؟,2017-09-30 18:00:02+00:00,AJ+ كبريت,2140616.0,74252.0,2136.0,718.0
EY6f0cdbOWs,الدحيح - الرأي الآخر,2017-09-25 18:00:01+00:00,AJ+ كبريت,1266845.0,46946.0,852.0,383.0
xnOjL_-vOCE,الدحيح - المفروض مرفوض,2017-09-23 18:00:02+00:00,AJ+ كبريت,2447861.0,82931.0,1734.0,522.0
oVUr7G94Iu0,الدحيح - صعود اليمين,2017-09-18 18:00:03+00:00,AJ+ كبريت,1699974.0,61822.0,1126.0,438.0
pINMuoyCmFM,الدحيح - جراثيم و مسدسات,2017-09-16 18:02:04+00:00,AJ+ كبريت,2230597.0,68643.0,1217.0,691.0
61ml6HSa4i4,الدحيح - عنفوان إنسان,2017-09-11 18:00:00+00:00,AJ+ كبريت,1470458.0,52861.0,998.0,391.0
mJNtBQLh2vY,الدحيح - قاتل الكلمات وسفاح اللغات,2017-09-09 18:00:04+00:00,AJ+ كبريت,1935011.0,73591.0,1540.0,466.0
E-qATMR-l7g,الدحيح - الثقب الأسود,2017-09-04 18:00:03+00:00,AJ+ كبريت,5627735.0,189126.0,4640.0,434.0
ujf9RNuBdCU,الدحيح - صناعة الذكاء,2017-09-02 17:58:59+00:00,AJ+ كبريت,1973072.0,71064.0,1231.0,484.0
t2d6XTUj5lA,الدحيح - الرجوع إلى الماضي,2017-08-28 18:00:04+00:00,AJ+ كبريت,4007795.0,156931.0,3863.0,435.0
vJJXs0EtmdY,الدحيح - تحت الهدوم,2017-08-26 18:00:04+00:00,AJ+ كبريت,2720834.0,97061.0,1663.0,447.0
fywYZgNZASY,الدحيح - أبيع نفسي,2017-08-21 18:00:02+00:00,AJ+ كبريت,1553597.0,59302.0,1754.0,490.0
eWGW-02xDKY,الدحيح - سبوع الأسبوع,2017-08-19 18:00:05+00:00,AJ+ كبريت,2040944.0,67030.0,1260.0,506.0
Q3OVGeflFqc,الدحيح - ليه محدش مهتم بينا,2017-08-14 17:45:24+00:00,AJ+ كبريت,2765267.0,129870.0,2134.0,363.0
GWC-RCxWlLA,الدحيح - البوس,2017-08-12 18:00:02+00:00,AJ+ كبريت,4124323.0,150199.0,3023.0,527.0
TG3vHrlgczM,الدحيح - إنت جامد,2017-08-07 17:45:36+00:00,AJ+ كبريت,1634903.0,61458.0,1730.0,269.0
httoGbF_dqQ,الدحيح - السمع والطاعة,2017-08-05 18:00:02+00:00,AJ+ كبريت,1772633.0,60181.0,1269.0,485.0
Qww9Upno_m8,الدحيح - نُصك ملحد,2017-07-31 18:00:01+00:00,AJ+ كبريت,5519301.0,211794.0,8259.0,449.0
d_NbsKDXHis,الدحيح | يمكننا صناعة الماس,2022-05-24 18:00:12+00:00,Museum of The Future متحف المستقبل,3371347.0,157458.0,3571.0,1164.0
HvWiDKNVEEo,الدحيح | نايكي,2022-05-28 18:00:11+00:00,Museum of The Future متحف المستقبل,5905828.0,246786.0,2448.0,1540.0
Gi0D5vHzimE,الدحيح | بناء الأهرامات,2022-05-31 18:00:12+00:00,Museum of The Future متحف المستقبل,12306424.0,318650.0,6876.0,1380.0
BYLLXnSZqIU,الدحيح | الضاد,2022-06-04 18:00:12+00:00,Museum of The Future متحف المستقبل,4075754.0,181652.0,7605.0,1251.0
RhPZWz1_E8Q,الدحيح | الكرة العنصرية,2022-06-07 18:00:11+00:00,Museum of The Future متحف المستقبل,3777400.0,159110.0,3250.0,1463.0
6KB8n3Q8MEY,الدحيح | بيل جيتس الشرير,2022-06-11 18:00:12+00:00,Museum of The Future متحف المستقبل,4562309.0,153320.0,1986.0,1683.0
URTjXCcwo4Y,الدحيح | محطة الفضاء الدولية,2022-06-14 18:00:12+00:00,Museum of The Future متحف المستقبل,4591478.0,157173.0,3210.0,1484.0
Ou-ahyVWue0,الدحيح | هذا ليس أسود,2022-06-18 18:00:12+00:00,Museum of The Future متحف المستقبل,3621177.0,164282.0,3476.0,1075.0
VLJpKr9SreY,الدحيح | 50 ساعة في اليوم,2022-06-21 18:00:11+00:00,Museum of The Future متحف المستقبل,4288996.0,171159.0,3542.0,1162.0
ro_Vwk_LTHc,الدحيح | تأثير الأفلام والأغاني,2022-06-25 18:00:12+00:00,Museum of The Future متحف المستقبل,5469621.0,210576.0,3258.0,1294.0
ZD-k56SO3WQ,الدحيح | الجيش السويسري,2022-06-28 18:00:12+00:00,Museum of The Future متحف المستقبل,4615773.0,158379.0,2019.0,1127.0
XPPWZlViqS4,الدحيح | علم الشخصية,2022-07-02 18:00:09+00:00,Museum of The Future متحف المستقبل,6770609.0,245878.0,4648.0,1206.0
VgZwTACxjL8,الدحيح | الدجاجة,2022-07-05 18:00:13+00:00,Museum of The Future متحف المستقبل,3742618.0,132799.0,3509.0,1376.0
sKOH3NtEnRo,الدحيح | كيف تكتب حلقة الدحيح؟,2022-07-09 18:00:13+00:00,Museum of The Future متحف المستقبل,2711907.0,130976.0,3411.0,1263.0
CYI7DTBEiQ8,الدحيح | أيتام رومانيا,2022-07-12 18:00:11+00:00,Museum of The Future متحف المستقبل,2455086.0,103528.0,2420.0,1229.0
nHD0742s6GA,الدحيح | الكون عنده كم سنة؟,2022-07-16 18:00:12+00:00,Museum of The Future متحف المستقبل,4421984.0,167690.0,6258.0,1111.0
h-rWUeEE3F4,الدحيح | هيموفيليا,2022-07-19 18:00:12+00:00,Museum of The Future متحف المستقبل,3191367.0,143313.0,3336.0,1565.0
VtGGjIhTANM,الدحيح | الاكتئاب,2022-07-23 18:00:12+00:00,Museum of The Future متحف المستقبل,8077102.0,367627.0,9372.0,1415.0
REvCUomHCR8,الدحيح | الاستثمار,2022-07-26 18:00:12+00:00,Museum of The Future متحف المستقبل,7244136.0,303270.0,5815.0,1210.0
1gRzl1Gcg7w,الدحيح | الصرصار,2022-07-30 18:00:11+00:00,Museum of The Future متحف المستقبل,3870250.0,234111.0,7457.0,1186.0
a380m0dGE0Q,الدحيح | الثقب الدودي,2022-08-02 18:00:11+00:00,Museum of The Future متحف المستقبل,3388794.0,144584.0,3402.0,917.0
AXuALfza8zM,الدحيح | الحصان,2022-08-06 18:00:12+00:00,Museum of The Future متحف المستقبل,3866852.0,149541.0,4930.0,1110.0
kEFLjuYARwU,الدحيح | الكربون,2022-08-09 18:00:11+00:00,Museum of The Future متحف المستقبل,3660850.0,146128.0,3267.0,1107.0
Ju3OdGrhpTY,الدحيح | اكتشاف مقبرة توت,2022-08-13 18:00:12+00:00,Museum of The Future متحف المستقبل,4910439.0,141458.0,2566.0,1555.0
3N8vu5DdLbE,الدحيح | تاريخ الإنترنت,2022-08-16 18:00:11+00:00,Museum of The Future متحف المستقبل,5229037.0,152152.0,3151.0,1807.0
hzODOOurR1g,الدحيح | كيف تصنع قنبلة نووية؟,2022-08-20 18:00:12+00:00,Museum of The Future متحف المستقبل,4959074.0,178008.0,3430.0,1193.0
nxXgkVUAhTM,الدحيح | البحث عن عدو,2022-09-03 18:00:12+00:00,Museum of The Future متحف المستقبل,1944586.0,84429.0,1664.0,1048.0
7FW3H0W4FM0,الدحيح | الأزمة العالمية 2008,2022-09-06 18:00:12+00:00,Museum of The Future متحف المستقبل,6583912.0,165603.0,3260.0,1738.0
qpvFXPhzzFU,الدحيح | حرب البسوس,2022-09-10 18:00:12+00:00,Museum of The Future متحف المستقبل,10531391.0,312688.0,10589.0,1447.0
BNZz0zhjpZk,الدحيح | الملحمة العربية,2022-09-13 18:00:12+00:00,Museum of The Future متحف المستقبل,8200717.0,303806.0,10663.0,1611.0
VVH4xx0Pl9o,الدحيح | الشبيه,2022-09-17 18:00:11+00:00,Museum of The Future متحف المستقبل,3510365.0,126426.0,3164.0,1210.0
Hkqwf9J_qJM,الدحيح | الطيران,2022-09-20 18:00:11+00:00,Museum of The Future متحف المستقبل,3342262.0,120197.0,3335.0,1383.0
dL4CayiU8Y8,الدحيح | الطاعون الأسود,2022-09-24 18:00:12+00:00,Museum of The Future متحف المستقبل,5707995.0,173330.0,2786.0,1290.0
4DqkQdkhFKo,الدحيح | 3+2+1,2022-09-27 18:00:10+00:00,Museum of The Future متحف المستقبل,3542017.0,163972.0,5828.0,1021.0
u6iwYpMTzIU,الدحيح | اللؤلؤ,2022-10-01 18:00:11+00:00,Museum of The Future متحف المستقبل,2937381.0,96919.0,1993.0,1545.0
SR1qcN00cGY,!الدحيح | كمبيوترات حية,2022-10-04 18:00:11+00:00,Museum of The Future متحف المستقبل,2207056.0,86971.0,1804.0,1408.0
yQhTMS7ngbI,الدحيح | المول,2022-10-08 18:00:12+00:00,Museum of The Future متحف المستقبل,2683760.0,95852.0,1634.0,1248.0
DVryY-MqMSM,الدحيح | علم الوراثة,2022-10-11 18:00:12+00:00,Museum of The Future متحف المستقبل,6235281.0,192523.0,7141.0,1930.0
TfGS3PfxR20,الدحيح | بنزيما,2022-10-18 18:00:07+00:00,Museum of The Future متحف المستقبل,4565262.0,223077.0,3383.0,1578.0
Tv81q3MeI_U,الدحيح | الليل,2022-10-15 18:00:10+00:00,Museum of The Future متحف المستقبل,4768761.0,160403.0,2657.0,1097.0
3XZCGd8V8QY,الدحيح | عيال كبار,2022-10-22 18:00:08+00:00,Museum of The Future متحف المستقبل,4162778.0,187517.0,3891.0,1186.0
qM6jPrMPTKk,الدحيح | الخلية العصبية جدًا,2022-10-25 18:00:08+00:00,Museum of The Future متحف المستقبل,4559269.0,141646.0,4063.0,1687.0
chd_EV5C3Xw,الدحيح | العمى,2022-10-29 18:00:10+00:00,Museum of The Future متحف المستقبل,3885914.0,120794.0,2206.0,1651.0
3KEEVb0yLps,الدحيح | تاريخ المطبخ,2022-11-01 18:00:07+00:00,Museum of The Future متحف المستقبل,3735086.0,99936.0,1861.0,1552.0
0EI92GH6A7Q,الدحيح | قصر الحمراء,2022-11-05 18:00:07+00:00,Museum of The Future متحف المستقبل,3483175.0,105948.0,3397.0,1407.0
9yPfaRDQucg,الدحيح | السيميترية,2022-11-08 18:00:11+00:00,Museum of The Future متحف المستقبل,1772546.0,67834.0,1294.0,983.0
HAw90AwUL_4,الدحيح | التدخين,2022-11-12 18:00:11+00:00,Museum of The Future متحف المستقبل,7659930.0,197383.0,4872.0,1614.0
PSYv1-fbOM4,الدحيح | قصة فورد,2022-11-15 18:00:07+00:00,Museum of The Future متحف المستقبل,3169529.0,91625.0,1153.0,1432.0
SYecJWaOYV4,الدحيح | إسماعيل يس,2022-11-19 18:00:07+00:00,Museum of The Future متحف المستقبل,3385301.0,130079.0,3559.0,1560.0
qQjVJk9h8BQ,,,,,,,
shkThcSCWqM,الدحيح  | ابن مجدي عبد الغني  (Epigenetics),2014-08-31 20:03:57+00:00,Da7ee7 - الدحيح,689565.0,24787.0,1067.0,268.0
yjHOmjIfkfM,الدحيح  | العملية بيبسي (Branding),2014-09-09 17:30:33+00:00,Da7ee7 - الدحيح,662391.0,19705.0,298.0,308.0
obhciS90EWA,الدحيح  | الكفتجي (Self-fulfilling Prophecy),2014-09-18 15:43:32+00:00,Da7ee7 - الدحيح,498728.0,17170.0,301.0,346.0
ky_M4DE0Y4s,الدحيح  | سولوفان الارهابي (Behavioral Confirmation),2014-09-30 07:12:25+00:00,Da7ee7 - الدحيح,437252.0,14189.0,325.0,388.0
1V7DVYpnSPs,الدحيح  | مش الفلوس يا موكوس (Inflation),2014-11-22 17:11:10+00:00,Da7ee7 - الدحيح,1115427.0,34232.0,773.0,543.0
TG7xcl1dMnM,الدحيح  | الطويل الزعزوع (Heightism),2014-10-22 17:57:37+00:00,Da7ee7 - الدحيح,383321.0,12323.0,333.0,291.0
FQrs9QiwWic,(Social Comparison) الدحيح  | يانا يا مافيش,2016-09-13 17:35:58+00:00,Da7ee7 - الدحيح,763155.0,30782.0,815.0,454.0
hA2y3DwLYug,الدحيح  |  بوشكاش و الانتخابات (Dunning-Kruger Effect),2016-06-02 17:00:02+00:00,Da7ee7 - الدحيح,458395.0,18174.0,778.0,443.0
z9VlaSRmcWE,الدحيح | ليه ما بنتكلمش زي الاجانب؟ (Speech Perception),2016-03-03 11:10:48+00:00,Da7ee7 - الدحيح,2292201.0,107220.0,2194.0,286.0
m678ClZ9La0,الدحيح  | ده بيأكد كلامي (Ideological Speciation),2016-02-17 19:18:54+00:00,Da7ee7 - الدحيح,633607.0,18249.0,431.0,581.0
mEvOpx2FFQ0,الدحيح  | ما وراء الفستان - Beyond The Dress,2015-05-31 08:06:37+00:00,Da7ee7 - الدحيح,568899.0,19529.0,698.0,522.0
6Po1k_yXq9o,الدحيح  | القصة المؤثرة (Availability Heuristic),2015-03-09 17:59:35+00:00,Da7ee7 - الدحيح,763610.0,21764.0,440.0,582.0
05X0HM4POcM,الدحيح  | دائري الفيزياء (Large Hadron Collider),2016-07-05 21:03:06+00:00,Da7ee7 - الدحيح,816323.0,27231.0,765.0,497.0
OmV0UfDcRVY,الدحيح  | الفيزياء في شارع الهرم (Skepticism),2016-01-17 19:00:00+00:00,Da7ee7 - الدحيح,1280869.0,37251.0,1030.0,824.0
R5Dhmf2w6HQ,الدحيح  | إخترقني شكراً  (Neutrino),2015-12-30 19:00:00+00:00,Da7ee7 - الدحيح,635926.0,16993.0,560.0,632.0
w_tqEpxO4vo,الدحيح  | المؤمن في المريخ,2015-06-18 22:44:51+00:00,Da7ee7 - الدحيح,1413188.0,40555.0,5614.0,439.0
1wUt8El_Gy0,الدحيح  | المريخ من غير فيزا,2015-06-09 15:09:27+00:00,Da7ee7 - الدحيح,621420.0,14685.0,264.0,473.0
Dix_u5h49Vo,الدحيح  | انت بتموت أنجم!؟ (Stellar Nucleosynthesis),2015-01-12 21:37:16+00:00,Da7ee7 - الدحيح,525106.0,15790.0,366.0,397.0
2lRZFNYbcik,الدحيح  | نبذات من General Relativity) INTERSTELLAR),2014-12-28 22:21:53+00:00,Da7ee7 - الدحيح,2101475.0,55861.0,1853.0,532.0
LLqlyv6OEHA,الدحيح  | من غير ضرائب  (Transfer Pricing),2016-04-06 19:00:01+00:00,Da7ee7 - الدحيح,431160.0,13814.0,297.0,307.0
jXi-ODqD4eQ,الدحيح | قصة اقتصاد عمتك,2016-11-13 10:00:01+00:00,Da7ee7 - الدحيح,2317284.0,80454.0,2412.0,633.0
BDWFAA0Jwuo,الدحيح  | زراعة الذاكرة (Memory Implant),2015-12-12 12:59:16+00:00,Da7ee7 - الدحيح,770595.0,22903.0,451.0,512.0
FcRn6FS8Kc4,الدحيح  | معضلة رياض المنفلوطي (Theory of Personal Identity),2015-11-26 12:00:56+00:00,Da7ee7 - الدحيح,864609.0,26037.0,1049.0,465.0
08AF2au-Y0w,الدحيح  | زي ما يكون امبارح (Flashbulb Memory),2015-11-11 20:00:00+00:00,Da7ee7 - الدحيح,827059.0,29309.0,598.0,499.0
LpsIXtCN-EM,الدحيح  | الذاكرة الماكرة (Anterograde Amnesia),2015-10-27 22:33:53+00:00,Da7ee7 - الدحيح,1062292.0,39275.0,820.0,405.0
h9FXU8A5Zt4,SU Salons: Professors Don't Bite (Part1),2014-11-10 15:47:06+00:00,AUC Student Union,10837.0,100.0,5.0,274.0
dfQxpz8af9I,الدحيح | السبب؟ (Correlation-Causation Fallacy),2016-12-15 15:54:43+00:00,Da7ee7 - الدحيح,1603986.0,65023.0,3912.0,424.0
xSaSS197mGk,الدحيح  | اصحاب الكهف (Hibernation),2016-06-09 11:26:15+00:00,Da7ee7 - الدحيح,1520552.0,40801.0,2124.0,420.0
OGC7TbCEyYo,الدحيح  | ليه الرجالة عندهم حلمات؟ (Nipples),2015-09-13 21:21:31+00:00,Da7ee7 - الدحيح,1386050.0,44440.0,1992.0,420.0
93KmHm4ggPo,الكورة مع السلامة | الحلقة الأولى - البرازيل 🇧🇷,2022-11-26 18:07:45+00:00,Da7ee7 - الدحيح,2986786.0,157356.0,3689.0,1458.0
qnBpnEmUNfQ,الكورة مع السلامة | الحلقة الثانية - كولومبيا 🇨🇴,2022-11-29 18:01:24+00:00,Da7ee7 - الدحيح,2325388.0,92287.0,2145.0,1610.0
F47qG4S89qg,الكورة مع السلامة | الحلقة الثالثه - كوت ديفوار,2022-12-03 18:00:04+00:00,Da7ee7 - الدحيح,1596751.0,73419.0,1926.0,1732.0
MR_SrWGQj3E,الكورة مع السلامة | الحلقة الرابعه - كوريا الشمالية 🇰🇵,2022-12-06 18:07:25+00:00,Da7ee7 - الدحيح,2368318.0,79948.0,1898.0,2039.0
XsR9cm6Zztg,الكورة مع السلامة | الحلقة الخامسة - الأرچنتين 🇦🇷,2022-12-10 18:20:20+00:00,Da7ee7 - الدحيح,2235033.0,93959.0,1879.0,1911.0
wMApMI-28iU,الكورة مع السلامة | الحلقة السادسة - السنغال 🇸🇳,2022-12-13 18:00:22+00:00,Da7ee7 - الدحيح,1541681.0,63280.0,2128.0,1643.0
